First Name,Last Name,Email Address,Current Company,Current Position
Ahmed,Shawky,shawky.ahmad2013@gmail.com,Deutsche Gesellschaft für Internationale Zusammenarbeit (GIZ) GmbH,Visual Artist
Mohammed,El-Boghdady,muhammad.elboghdady@gmail.com,,
Mohamed,Mohy,m_mohi@hotmail.com,Valeo,SW Architect
Alain,Tremeau,Alain.Tremeau@univ-st-etienne.fr,"Laboratoire Hubert Curien, University of Saint Etienne",Researcher
Aasem,SHaheen,aasem.shaheen@gmail.com,Freelance,Social Media Consultant
Mahmoud,Hanafy,mih10_87@yahoo.com,Halliburton,mud logger geologist
Kareem,Maghawry,eng.kareemmaghewry@hotmail.com,,
Sherif E.,Saleh,shrfsaleh@gmail.com,Accorpa,Software Engineer
zeiad,abbas,zeaidabbas@ymail.com,IEEE AlexSB,volunteer
Ahmed,Hashem,hashem736@gmail.com,Wind Technologies,Senior .Net Backend Developer
Islam,Arafa,islam3rafah@gmail.com,Upwork,Software Engineer
Khalil,Tareq,k.t.seliman@gmail.com,,
Mohamed,"M.Ebrahim,CISSP",mohamed.mahmoud.m@gmail.com,Orange Business Services,Security Program Manager
Hala,Mostafa,urloverrose@hotmail.com,,
Mohamed,Soliman,bravemms.soliman@gmail.com,Carsten Rehder Schiffsmakler und Reederei GmbH und Co. KG,Maritime Officer
Mohamed,Gamal,eng.mohamedgamalelsayed@gmail.com,Savola Group,IT Helpdesk Supervisor and Administrator
Ahmed Shaban,"MBA,PMP,ITIL ,BSC Eng",ahmed.shaban@yahoo.com,Valeo,Engineering support Tools Senior Leader
Tuong Tho,VO,votuongtho@gmail.com,,
Sherif,Eltahawy,eng.sherifeltahawy@gmail.com,The Egyptian Armed Forces,Engineer officers
Ahmed,Kassem,victorian4ever@yahoo.com,Unilever,Electrical Maintenance Engineer
Ahmed,Hamdy,eng.ahmedhamdy2121@gmail.com,"Faculty of Engineering, Alexandria University, Egypt",Teaching Assistant
Hanaa,Hachaad,hhachaad@targetdhr.com,Target Recruitment & HR Solutions,Recruitment & outsourcing Specialist
Ahmed,Marzban,ahmedfouad89@hotmail.com,Valeo,Senior Software Engineer
mostafa,shawkey,theking_eng2002@yahoo.com,,
Tinhinan,SEDKAOUI,tinhinan.sedkaoui@gmail.com,Groupe fed,Chargée de mission - Cabinet Infhotep
Iman,Mekki (PMP),newlife2070@gmail.com,VFS TasHeel International,Back Officer
Mohamed,Aamer,mohamer50@hotmail.com,El Sewedy Electro-meter Egypt,Senior System Test Engineer(CTFL-ISTQB)-RnD
Anwar,Mohamed,anwarelmakrahy@gmail.com,National Telecommunications Regulatory Authority (NTRA) of Egypt,Cyber Security Engineer
Mostafa,Atef,mostafa.atef.24@gmail.com,Valeo,Team Leader
Amr,Hegazy,amr.hegazy@alex-eng.edu.eg,Nokia Networks,IBS Planning and Optimization Engineer
Akram Hussain,Kolkaila,akramkolkaila@gmail.com,El-Sham Chemicals Co.,Human Resources Manager
Shady,Ahmad,shady_ahmad90@hotmail.com,Valeo,Lead Software Design Engineer
mohammed,khairy,mohammedkhairy24@yahoo.com,Huawei Technologies,CM Engineer
Sami,Alkhoury,sami.alkhoury@hotmail.com,Xerox,Intern - Medical videos annotation tool
Karim,Banawan,karimbanawan@yahoo.com,"Faculty of Engineering, Alexandria University, Egypt",Teaching assistant
Mohamed,Dyab,muhamed.dyab@gmail.com,"University of Joseph Fourier, Grenoble",MSc Student of Informatics
Hazem,Atef,hazemmohamedatef@hotmail.com,Eventum IT Solutions,RF Design Engineer
Abdul-Rahman,Ahmad,abdelrahman.ahmed@live.com,"Faculty of Engineering, Alexandria University, Egypt",Engineer
Ahmad,Abd El-Kader,a.kader200@gmail.com,Egyptian Engineering Day | IEEE Young Professionals Egypt,"Executive Board Member ""Secretary"""
yahia,shabara,shabara@hotmail.co.uk,Nile University,Research Assistant - WINC
Mohamed,El Rayany,mohamed.elrayany@gmail.com,,
Maged,Rawash,rawash_maged@hotmail.com,Valeo,Senior Embedded Software Engineer
Mohamed,Ehab Elennah,mohamedelenna90@gmail.com,Al Sayer Group Holding - مجموعة الساير القابضة,Acting as Body shop Estimator
Sameh,Shebl,samehsheble@hotmail.com,Vodafone International Services (VIS),Radio Engineer
mohamed,elshenawy,eng_shenawy@hotmail.com,Valeo,Junior Embedded Software Engineer
Michael,Naguib,eng.micheal.2012@hotmail.com,German University in Cairo,Teaching Assistant
muhammad,zidan,hamada_ghost13@yahoo.com,,pharmacist
Ali,Talaea,ali.talaea@theamadeusstudios.com,Amadeus Studios,Chairman
TEDxAlexandria,U,tedxalexu@gmail.com,TEDxAlexandriaU,Owner
Abd-Elrahman,Fathy,abdelrahman.fathy7@gmail.com,Valeo,Systems Engineer
Ahmed,Khattab,ahmed_khattab_mech@hotmail.com,Procter & Gamble,Supply Chain Manager
Chadi,Elsayed,thegreatchadi@hotmail.com,Siemens,Service Engineer
Abdelsalam,Ahmed,abdelsalaamahmed@gmail.com,Politecnico di Torino,MSc Student of NanoTech
Ahmed,El-Sharkasy,AHMED.ELSHARKASY@GMAIL.COM,Fretsi,Co-Founder/CEO
mohamed samy,shalby,samy2601@live.com,"medicina pharmacies , pharmalink",Pharmacist
Hossam,Moustafa,hossam222222@hotmail.com,Amriya Pharmaceutical Industries,Quality Assurance Specialist
Riyadh,AlAhmadi,riyadh@androsensegroup.com,Androsense Software Technologies,Managing Director
Fathy,Hassan,fathym54@yahoo.com,"Faculty of Science, Alexandria University",Professor of Geochemistry
Ahmed,Sayed,akamelbadr@gmail.com,Valeo,Senior Software Design Engineer
Heba,Elgamal,Heba.Elgamal@bibalex.org,Bibliotheca Alexandrina,"Regional Offices Specialist, CSSP."
Mohammad,T. Hussien,MohTarek@aucegypt.edu,Penn State University,Graduate Research Assistant
Ahmed,Nagy,nagy_engin19@yahoo.com,Valeo,Principal Software Engineer
Ramy,El-Gharbawy,ramy.elgharbawy12@gmail.com,ENCON,Calibration and Maintenaince Engineer
Youssef,Atef,youssefatefazoo@gmail.com,Xceed,Telecommunication Voice Engineer
Ashraf Ibrahim," - BSc, MBA",Ashraf.abdelnaby.Ibrahim@gmail.com,Algorithm Pharmaceuticals,Medical Representative - Abu Dhabi
Leonard,Kandolf,leonard.kandolf@gmail.com,Bigpoint GmbH,User Research Analyst
Mohammed,Mamdouh El-Fahaam,mohammed.elfahaam@gmail.com,Valeo,SW Architect - Senior SW Specialist
Mikel,Forcada,mlf@dlsi.ua.es,European Association for Machine Translation,President
Akram,Monsef,akram_monsef@hotmail.com,Marine Services Company Ltd,Service Engineer
Saffeyeldin,Khalil,saffeyeldin@gmail.com,Valeo Schalter und Sensoren GmbH,Technical Product Line Manager Active Safety ECU (Domain Controllers)
Mohamed,El-Gharably,gharably90@hotmail.com,Unilever,Supply Chain Associate Manager (Demand- DRP- Supply)
Peter,Nashaat,eng.peter.nashaat@gmail.com,Orange Egypt,Payment services & VAS project manager.
Ahmed,Amin,aay_1989@yahoo.com,,
Mahmoud,Sameh,eng.mahmoud.sameh@gmail.com,Valeo,Senior Principal Software Engineer
Dawood,Al Chanti,david_chanti@hotmail.com,Université Jean Monnet Saint-Etienne,Master Student
Mohsen,Fayek,melkhwski@gmail.com,,
Islam,RADY,islam.rady13@gmail.com,Valeo,Senior Principal System Engineer
Zeiad,Ahmed,zeiadzaf@yahoo.com,Mentor Graphics | Embedded Systems division,Software development Engineer
Ahmed,Ghassan,ahmed.g.mounir@gmail.com,Valeo Egypt,Software Team Leader
Sherif,Ragaai,sherif.ragaai@gmail.com,Valeo,Software Engineer
Karim,Rostom,karimrostom88@gmail.com,Valeo,Model Based Design Engineer
Eng Ahmed,Shawky,ironman1989bmw@yahoo.com,Mantrac Egypt,Field Service Engineer
Fatemah,Oraby,fatema.oraby@yahoo.com,,
Michael,Maurus,michael.maurus@web.de,Deutsches Forschungszentrum für Künstliche Intelligenz (DFKI),Researcher
Mohamed,Abdelmoteleb,mohamedabdelmoteleb2012@gmail.com,"Faculty of Engineering, Alexandria University, Egypt",Fresh Graduate
Mohammed,Diab,eng_moh_diab@ieee.org,Valeo,Senior Team Leader
Belal,Elkady,belal.elkady4@gmail.com,Valeo,Embedded Software Engineer
Reham,Mohamed,reham_mohamed_90@hotmail.com,AMIDEAST,English Instructor
Mohamed,Morsy,mohamed_a.morsy@yahoo.com,,
tamer,elfeky,tamer_Action2000@yahoo.com,,
Abdelrahman,Adel Ibrahim,abdelrahman.adel.ali@hotmail.com,,
Eva,Schönberg,E.Schoenberg@zsi-tec.com,ZSI technology GmbH,Bewerbermanagement / Geschäftsfeldentwicklung
Mohamed,ElNakoury,m.elnakoury@gmail.com,Better and Partners Interactive,Senior Web Designer (UI/UX)
Ramy,N. Tadros,rtadros@usc.edu,University of Southern California,Graduate Research Assistant
El Moatasem,Mohamed,el.moatasem.mohamed@gmail.com,"Faculty of Engineering, Alexandria University, Egypt",Research Assistant
Ahmed,El Sakhawi,ahmed_alsakhawi@yahoo.com,"The Egyptian Satellite Company, Nilesat",Uplink Systems Engineer
Ramy,Kotb,kotb.ramy@hotmail.com,University of Applied Sciences Darmstadt,Research Assistant
Mostafa,Eissa,eissa.m.mostafa@gmail.com,Valeo,Senior Embedded SW / System Validation Engineer
Ahmed,S. Abdulhady,a_s_abdulhady@yahoo.com,Valeo Schalter Und Sensoreb GbmH,Software Design Engineer
Hassaan,Elsayed,enghassaanmahmoud@gmail.com,University of Oulu,Research Assistant
abdo,abdoabdoo,abdomatter9@gmail.com,Microsoft tech club,MSPr
Ahmed,Rami,Benrami93@gmail.com,Egypt Scholars Inc.,"Head of public relations,Alexandria SC"
Maged,Nasan,magedsoft@gmail.com,LaTIM - INSERM UMR 1101,Intern
Ahmed,El-Sayed Ahmed El-Sayed Mohamed,elsayedahmed95@gmail.com,,
EL-Anwar,AbdelHadi,elanwarm@gmail.com,Saudi BinLaden Group,Mechanical Engineer
Anna,Coffey,anna@toawga.com,Totally Awesome Games Inc,CEO
Rania,Abd El-Rahaman,eng.rania_abdelrahman@yahoo.com,NTG Clarity,Quality Control Engineer
Ahmed,Habashi Ismail,ahmed.habashi@gmail.com,Valeo,Software Engineer
Luo,naifeng,daniel5568@163.com,Attentation of Global Compliance(ShenZhen)Co.Ltd,Sales Manager
zainab,mamdouh,zainabmamdouh@yahoo.com,Arab Medical Union,Emergency Coordinator
Joseph,Carpenter,joseph.carpenter@darwinrecruitment.com,Darwin Recruitment,Sourcing Specialist - Data Science & Scala
Andrei C.,Ignat,ignatndr@gmail.com,,
John,Morkoss,johnmorkoss@gmail.com,Orange Business Services,Network Security Operations Engineer
Eman,Elrawy,eman_elrawy@hotmail.com,"Faculty of Science, Alexandria University",Masters student
Ramy,Elshenawy,ramyelshenawy4@gmail.com,Petromaint,Maintenance Engineer
Aya,Mounir,eng.ayamonir@gmail.com,Edafa Telecom Solutions,Software Engineer (C/C++ Developer)
Dalia,Ragheb,daliaa.ragheb@gmail.com,,
Karim,Nasreldin,karim.m.nasreldin@gmail.com,T&S Engineering,Embedded Software Consultant
Soha,Badry,soha.badry@gmail.com,Bibliotheca Alexandrina,specialist
Peter,Douglas domigo,peter.douglas@mail.com,Gobusinessfinance,Account Manager
Rabya,Nasr,eng.rabia7@gmail.com,,
Tarek,Hamza,comm_engineer_hamza@yahoo.com,ZSI technology GmbH,Embedded Software Engineer
Karim,Seddik,kseddik@ieee.org,American University in Cairo,Associate Professor
Rahaf,Aljundi,rahaf.aljundi@gmail.com,KU Leuven,PHD Student
Passant,NouR,eng.nourii@hotmail.com,Bibliotheca Alexandrina,Junior Technical Support Engineer
Yomna,Zabady,yomna.zabady@gmail.com,POET Egypt,Junior Software Engineer
Islam,El-Ghazouly,islamelghazouly@yahoo.com,Spark,Deputy Regional Project Manager
Ahmed,El-Halwagy,a.elhalwagy@student.alx.edu.eg,Cargill,Production Engineer
Hicham,Arafa,hicham.arafa@gmail.com,Valeo,"R&D Director, Valeo Egypt"
Maram,EL Hamshary,m.elhamshary@hotmail.com,Borg El Arab company for oils,Maintenance Engineer
Moataz,Essam,moataz_essam_13@hotmail.com,Orascom Telecom,Telecommunications site engineer
AMIRA,NAGY,mera88_2006@hotmail.com,Andalusia Group for Medical Services,Recruitment Specialist
Amr,Bekhiet,amr.bekhiet@outlook.com,Valeo,Embedded Software Engineer
Ali,Gaber Mohamed,aligabermohamed@yahoo.com,Virginia Tech,Graduate Teaching and Research Assistant
Amr,El-MasrY,amr_elmasry89@hotmail.com,Eventum IT Solutions,DAS Design Engineer
mahmoud,khaled,mahmoud_khaled6@yahoo.com,MISR PETROLEUM,engineer
Muhammad,Magdi Saad,muhammadmagdi.vc@gmail.com,Victoria College Science and Engineering Fair,Founder
Ammar,M. Kishk,engammark@hotmail.com,Valeo,Embedded Software Engineer
Sherif,Yahia,sherifyeheia@gmail.com,ZSI technology GmbH,Embedded Software Engineer
Aya,Rezeika,ayarezeika@gmail.com,,
Amr,Sharaf,amr.nabil.sharaf@gmail.com,University of Maryland,PhD Student
Marwan,El Zorba,uluos_kyser22@yahoo.com,,
Mahmoud,GAMAL,elbomboelkebeer@gmail.com,Valeo,IS Manager 
Amr,Bakr,amr.bakr@gmail.com,Altran Germany,Embedded Software Consultant
Mhmd,Hanafy,m.hanafy.rid@gmail.com,BioBusiness-Eg,Embedded Software Engineer
Mariam,Ahmed,mariam.ahmed77@gmail.com,,
AbdelRahman,ElTawila,abdelrahman.eltawila@gmail.com,"Silicon Vision, Synopsys Inc",Physical Design Engineer
Deyaa,Younis,deyaa_younis@yahoo.com,TRW,EPS control engineer
Menna,Soliman,mennasolimn@outlook.com,,
Samer,El-Ghandour,samer.elghandour@gmail.com,Valeo,R&D Department Head
Khaled,Saleh,k.salehmah@gmail.com,"Center for Intelligent Systems Research, Deakin University",PhD Candidate
mohamed,salah,quality.egy@gmail.com,united arab,Sr QC ENG
Ahmed,Abdien,ahmed.abdien@ieeegoldegypt.org,XoneBee,"Embedded Software Engineer, Part-Time"
Seyit Arda,Sert,sardasert@gmail.com,TAV Yatırım Holding,Internal Audit Chief
Ahmed,Elsayed,aelsayed@sci.cu.edu.eg,Zewail City of Science and Technology,PhD fellowship
Mohamed,Yousri Khalifa,mohammed.youssri@hotmail.com,Alkan CIT,FM Engineer
Mohamed,Fadel,moh.amr.fadel@gmail.com,Valeo,Embedded Software Engineer
Mona,Elyamany,eng.monaelyamany@gmail.com,,
Islam,Hawash,eng_hawash2003@yahoo.com, Ericsson Egypt,Core Network Engineer
Hosny,Diab,hosnydiab@gmail.com,,
Abdelrahman,H. Ahmed,abdelrahman.h.ahmed@gmail.com,The University of British Columbia,Research Assistant
Mahmoud,Shalaby,shalaby.mahmoud@gmail.com,Valeo,Software Team Lead - Automated Parking 
Mostafa,Mabrouk,mostafa.mabrouk@code125.com,Code125,Founder
Nora,Hegab,eng_nora_hegab@yahoo.com,Valeo,Embedded Sw Test Leader
Mohamed,Bassam,mbmorsy@gmail.com,,
Momen,Zakaria,coder@imomen.com,Umm Al-Qura University,Senior UX Designer & Front-end Developer
Mohamed,Saleh,mohamedsalehcsd@gmail.com,KACST GIS Technology Innovation Center,Software Engineer
Amr,Elzeiny,elzeinyscience@gmail.com,Gymnasium,Personal Bodybuilding & fitness trainer
Mohamed,El Bayar,Bayar.Jr@hotmail.com,EL Bayar Legal Firm,Lawyer
MD,Ibrahim,md.ibrahim210@gmail.com,ESIEE PARIS,Research Intern
Abdurahman,Alfeky,abdurahman.alfeky@gmail.com,Valeo,Embedded SW engineer
Mahmoud,Khalaf-Allah,spacetime.mahmoud@gmail.com,University of Toronto,PHD Candidate
Mohamed,Yousef,usef.mohamed@gmail.com,Midco Oilfield Services ( free zone ),"Mechanical, Wellhead, Operator and maintenance Engineer"
Muhammad,Mamdouh Hammad,muhammad.mamdouh.saad@gmail.com,The Arab Contractors,Mechanical Engineer
Tarik,Yusuf,Tarik.u.suf@gmail.com,Coveris Group (Formerly Kobusch),Process Improvement Engineer - Lean Six Sigma
Sara,Sharaf,sara1sharaf@gmail.com,Valeo,Senior Quality Assurance
Haytham,Fawzy,haytham.fawzy@aucegypt.edu,American University in Cairo (AUC),Research Assistant (RA)
Gabriela,Alencar,gabrielam.alencar@gmail.com,,
mohamed,mitwaly,eng.mohamed.shabaan@gmail.com,Hewlett-Packard,Software Engineer
Sara,Arafa,saramostafa20@hotmail.com,ISISC - International Institute of Higher Studies in Criminal Sciences,Academic Research Fellow
Mohamed,Abo Arais,m.aboarais@gmail.com,Egyptian Sapce Program-NARSS,Miniaturized Satellites Systems Engineer
Ayman,Hammouda,ayman_hammouda11@yahoo.com,Security Meter,Senior Information Security Engineer
Adrian,Brown,adrianb@unity3d.com,Gamesrecruit Ltd,Director
Shereef,Marzouk,sheefoz@gmail.com,Google Developers Group Alexandria,Founder
Mahmoud,Kassem,mahmoud@kassem.org,Valeo,Software Department (Acting) Manager
Hamdy,Abdullah,hamdy_abdullah@yahoo.com,Rawabi Specialized Contracting Co.,Construction manager
mostafa,imam,mostafa.imam@hotmail.com,softlock,Senior R&D specialist
Sherif,El Banna,sheckoo90@gmail.com,IBM Egypt,"Data Specialist, Business Intelligence"
Usama,Elnily,Usama3_4@yahoo.com,Booking.com,Software Engineer
Franklin,Adames,fadames07@hotmail.com,Edeeste,Coordinador
Mahmoud,Farouk,mahmoudfarouk770@gmail.com,,
Victoria,Chesnova,viktoriia.chesnova@gmail.com,Middle East-Trading,Sales Assistant
Mohamed,Nabil,mohamedmenasy@gmail.com,Abou Ghaly Motors,Senior Mobile Devloper
Reda,Moukarrab,reda.moukarrab@gmail.com,Valeo,Software Engineer
Yasmine,Mohammed Refaat,yasmine_r2011@hotmail.com,IBM,IT Specialist-Application Developer
mohammed,zedan,mohammed.zedan.1990@gmail.com,modern trading agencies,Executive Assistant to GM
Adel,Elmahdy,adel.m.elmahdy@gmail.com,Nile University,Research Assistant
ِAhmed,Abdelreheem(Remo),ahmedabdelreheem.sci@gmail.com,High Dam Band,Bassist
Osama,Othman,osama.othman@hotmail.com,Altran Germany,Lead Consultant
Omar,Mahmoud,omar.eljazzar@gmail.com,Alexandria Mineral Oils Co. (AMOC),Instrumentation and Control Engineer
Mahmoud,Mokhtar,eng.mahmoud_2012@hotmail.com,James Cubitt & Parternrs,Electrical Design Engineer
Hesham,Hosney,heshamhosney7@gmail.com,Etisalat UAE,IT Service Assurance Control Operations Engineer
Ahmed,Zaky,a7med.zaky@gmail.com,Middle East Broadcasting Center,Multimedia Editor
Nada,ezzelarab,nada_ezzelarab@yahoo.com,,
Nada,Achargui,nada.achargui@gmail.com,Amadeus IT Group,Business Analyst
Ahmed,Helal,Destiny_warrior@hotmail.com,University of Wisconsin-Madison,Observer
Essam,Hassanein,ehassanein@ieee.org,Valeo,Embedded Software Engineer
Ziad,Hosni,ziad.hosni.89@gmail.com,Hewlett Packard Enterprise,DevOps Engineer
Amir,Abdel-Ghany,amirmahmoud@gmail.com,Valeo,Principal Quality Engineer
Ahmed,Mustafa,ahmustafa89@gmail.com,EJADA,Sharepoint Developer
Mohammed Abdel Hamid,Ahmed,mohammed_abdelhamid@hotmail.com,Valeo,Embedded Software Engineer
Mohammed,Saleh,salehology@gmail.com,Zewail City of Science and Technology,Physics Teaching Assistant
Rana,Said Refaie,rana.said90@gmail.com,EG Medical Systems,Product Specialist
Mahmoud,Youssef,mmynmmynmmyn@yahoo.com,MILLENSYS,Junior Software Engineer
AbdurRahman,ElGammal,abdelrahman.elgammal@gmail.com,ACM-ICPC,C programming and Algorithms Coach
Mohamed Ibrahim,Abdrabu,mohamed_abdrabu2012@yahoo.com,Pirelli,Electrical Maintenance Engineer
Mohamed,"MADBOULY, MBA",mohamed.madbouly@gmail.com,Valeo,Senior Manager
Mostafa,Gaber,mostafaelboss@ymail.com,oDesk,Freelancer
MaHm0uD,ElBaz,elbazegy@hotmail.com,Jotun,Business Owner
Ahmad,A'zat,mr1.dsgn@icloud.com,Microchip Technology,Embedded systems Engineer
Mohamed,Hanafy,rawshta7n@hotmail.com,,
Amr,Khaled,amrelboridy@yahoo.com,SmartTech Sys,Quality Control Engineer
Hesham,Eraqi,hesham.eraqi@gmail.com,American University in Cairo,Teaching Assistant
Ayman,Zaki,ayman_2004_21@hotmail.com,EL GHARABLY ENGINEERING COMPANY,Mechanical Technical Office Engineer
Belal,Abuzahra,lxldark@hotmail.com,,
Mohamed,Balbaa,balbaa51@hotmail.com,"Faculty of Engineering, Alexandria University, Egypt",TA Mechanical Engineering
Reham,Fathy,rehamfathy405@yahoo.com,Valeo,Junior Embeded Software Engineer
Yahya,Ezzeldin,yahya.ezzeldin@ieee.org,"University of California, Los Angeles (UCLA)",PHD Student
Ahmed,Refaat,eng.a.refaat@gmail.com,,
Moataz,Fouad Youssef,moataz_242@hotmail.com,Valeo,Principal Hardware/System Engineer
Hazem,Hagrass,hazemhagrass@gmail.com,BADR,Lead Software Engineer
Sherif,Ali,sherif.elshaaer@gmail.com,AnSem,Analog & Mixed-Signal Design Engineer
Ali,Merdan,alimerdan87@gmail.com,Valeo,Principal Software Engineer
Mostafa,Mohamed,mostafaahmedashraf@yahoo.com,Valeo Schalter und Sensoren GmbH,Embedded Software Engineer
KHALIL,HURAIBAT,khalil.hribat@hotmail.com,Barco,Trainee
Mohamed,Ali,modyskyline@live.com,,
Sherif,Soliman,sherif.soliman13@gmail.com,Birla Carbon,Process Engineer
Emad,El-Mehelmy,emehelmy@gmail.com,Valeo,Department Head
Karim,Mohamed,k.rawy1990@gmail.com,Nanyang Technological University,RA and PhD Student in the Electronics department (EEE School)
Mohamed,Mounir,mhmdmounir02@gmail.com,ACE & Company SA,Private Equity Analyst
Shuayb,Alrawi,shuayb85@hotmail.com,Besme tour Ravi Acantesi,Tourism
Khaled,Helal,eng.khaled.helal@hotmail.com,Continental,Algorithm Developer
Hisham,El Meligi,hisham.elmeligi@gmail.com,Valeo,Senior Software Engineer
Ahmed,Elshagea,www.ahmed_nehad@hotmail.com,ELSEWEDY POWER SYSTEM PROJECTS,Project Engineer
Mahmoud,Hossam,mahmoud.hossam.eldin@gmail.com,Power Engineering Corporation,Sealing Devices Product Specialist (Mechanical)
Hytham,Abdelaziz,hytham.abdelaziz@gmail.com,"Endonontics department, Alexandria university",Instructor
Riyadh,Benammar,Ryadh2008@hotmail.fr,INSA Lyon - L'Institut National des Sciences Appliquées de Lyon,Doctorant
Ahmed,El Sheikha,a.elsheikha@gmail.com,Tahrir Academy أكاديمية التحرير,Education Program Manager
Cihan,AYDIN,chnaydin@yahoo.com,"AYDIN 4+ Counseling Center; Project Development/Management, Education and Career Services",Executive Director
Abdelrahman,Elbashandy,a.elbashandy@gmail.com,Lawrence Berkeley National Laboratory,Computer Systems Engineer II
Kareem,A.Abdullah,karim.a.abdullah@outlook.com,Edge technology,R & D Software Engineer
Mahmoud,El-khateeb,eng.elkhteeb@gmail.com,Valeo,Embedded Software Engineer
Abdallah,Mohamed,abdo4intel@yahoo.com,,
Ahmed,Abd El-Baki,eng_ahmedgooner@hotmail.com,,
khaled,Saleh,khaled.engineero@gmail.com,Etisalat Misr,IN administration system specialist
Ahmad,Eldefrawy,ahmadeldefrawy@gmail.com,Bibliotheca Alexandrina,Software Engineer
Runa,Khaled,runakhaled@yahoo.com,Faculty of fine arts,Head of Graduation Organizing Team
Ahmed,Ashry,ahmed.ashry@usi.ch,Valeo Schalter und Sensoren GmbH,Embedded Software Engineer in Automotive field (Master thesis)
Amr,Yousry,amryousry92@gmail.com,Eventum IT Solutions,Software Engineer
Moataz,Gaber,moatazgaberelsayed@gmail.com,Beyti - A Joint Venture of Almarai & Pepsico,Automation & Instrumentation Engineer
Ahmed,Kassem,eng.aakassem@gmail.com,Johnson & Johnson Egypt,Production Manager
Bishoy,Saber,bishoy.saber@gmail.com,Valeo,Software Test Engineer
cherihane,Guenena,cherrry89@hotmail.com,,
David,Ghaly,david_eng2008@yahoo.com,Valeo,Senior Embedded Software Engineer
Mohamed,Beltagy,beltagymohamed@gmail.com,imec,Software developer-Internship (Master thesis) at IMEC and KU Leuven
Torren,Pietzsch,tp@rpint.com,RP International,Consultant
Mohamed,El Dallal,mohamed.eldallal@ieee.org,View finders photography club,Photography Instructor
Ahmed,Abdelalim,aabdelalim@zewailcity.edu.eg,Zewail City of Science and Technology,Dr
Khaled,Salah,engkhaledsalah16@gmail.com,Freelancer,CCTV Installation Engineer
Ahmed,Mostafa Mohamed,ahmed.mostafamohamed@yahoo.com,Valeo,Senior System Engineer
Aly,Abd El Aziz Aly,alyzizo89@gmail.com,Huawei,Core Network Engineer - Huawei Technologyies
Ahmed,Abdelrahman Atef,Developer_msg@hotmail.com,,
Ahmed,Badr,ahmedbadr1992@yahoo.com,Petromaint,Maintenance Engineer
Mazen,Aly,mazen90@gmail.com,,
Mina,Sabry,menasabry@gmail.com,VIAS,Sr. Software engineer
Omar,Barghash,barghash.omar@gmail.com,Schlumberger,Field Engineer
Maged,Elghareib,melghareib@yahoo.com,Valeo,Senior Embedded Software Engineer
Moetaz Bellah,Massoud,moetazbellah@gmail.com,Vodafone Shared Services (VSS),Enterprise Applications Support Engineer (SLS)
Mohamed,Ali,mohamad.ali39@gmail.com,Valeo,Embedded Software Engineer
Remon,Makram,remon.makram.bekheit@gmail.com,Vodafone Global Enterprise,Application Support Engineer
Taher Mohammed,Ghaly,Taher_ghaly@yahoo.com,Petromaint,Electrical Project Engineer
Mohamed,Ibrahim,mohamed.e.hanfy@gmail.com,Vodafone,Undergraduate Training
Hossam,Farouk,hossamabdelkhalek2@gmail.com,Valeo,Software Engineer
Hossam,Elbaz,hossam_elbaz89@yahoo.com,Valeo,Senior Model Based Development Engineer
Almoataz,Bellah M.,moatazhegab@gmail.com,,
Fadi,Sedik,fadi.sedik@gmail.com,Bosch,Embedded Software Consultant
Mohamed,Abdelaziz,mohamed.abdelaziz.nu@gmail.com,Nile University,Research assistant
Hisham,Elraay,Heshamelraay@gmail.com,American Council Egypt - Alexandria,CEO
Samira,Negm,samira@raye7.com,Raye7,"CEO, Founder"
Ahmed E.,Soliman,3essawy@gmail.com,Emirates,Inflight services/ Cabin crew
Mohamed,Hashem Abdelrehim,mohammed_hashem@ymail.com,Elsewedy Meters Free Zone,Manufacturing Process Engineer
Ahmed,Heikal,ahheikal@gmail.com,Valeo,Embedded Software Engineer
hussein,baraka,husseinbaraka@yahoo.com,just graduated,communication engineer
Ahmed,Atef,Ahmed_atef190@yahoo.com,EZDK,Automation Engineer in EZDK
sherif,rahmy,eng_sh.rahmy@hotmail.com,Magneti Marelli,Consultant Embedded System Integrator
Mohamed,Hegazy Amer,m.hegz86@gmail.com,Magneti Marelli,Senior Software Engineer
Mohamed,EL Assal,asssal_5050@yahoo.com,Vodafone,vodafone college
Eanal,Ismail,eanalismail@hotmail.com,,
fady,omar,fadi_f02sh@yahoo.com,Top Ambtion Technonlogy,Marketing Executive
Engie,Kamel,engie_kamel@hotmail.com,New Horizons Computer Learning Centers,"Senior Training Consultant at New Horizons Alexandria , Egypt INRAST"
Faezeh S,Zakeri,zakeri68@yahoo.com,Technicolor,Intern
Amr,Tawfik,amr.twfk@yahoo.com,Bupa Arabia,Senior Business Development Officer
Amr,Shamel,amrshaml@gmail.com,Eventum IT Solutions,Indoor RF Design Engineer - EMEA Region
Mina,Youssef,my_mgy@hotmail.com,Valeo,Software Engineer
Hesham,Abdelwareth,hesham.wareth@hotmail.com,MEC Doors & Gates,Installation Engineer
Amr,Ali Bakr,amr.alibakr@gmail.com,Valeo,Senior Team Lead
Mohamed,Magdy Saber,m.magdy.saber@gmail.com,Valeo,SW Architect - Senior Embedded SW Engineer
Ahmed,Elsayed,ahmed_elsayed7071@yahoo.com,Larsen&Toubro - L&T Construction PT&D KSA,"Electrical Engineer (Site Planning Engineer) -Hail T12,T17 Transmission Projects"
Hossam Eldeen,Altokhy,hossamaltokhy@gmail.com,,
ola,khaled,olakhaled89@gmail.com,Procter & Gamble,Process and Reliability manager
Amr,Ismaiel,Amr.ismaeil.ahmed@gmail.com,Egyptian Initiative for personal rights,Researcher of Detention Places and Torture Prevention
Tamer,Abd El Salam,eng.tamer.salam@gmail.com,Zewail City of Science and Technology,Teaching Assistant
Jihad,Ismail,nooneknow2050@gmail.com,Byte Intelligent Systems,Software Engineer
Ahmad,El Sallab - PhD,ah_abdelmoneim@yahoo.com,Valeo,Chief
Amr,Elgretly,amr.elgretly@hotmail.com,AL DALOOP GROUP,Financial Analyst
Tareq,Salaheldeen,tarek.salah.91@gmail.com,Toptal,Software Engineer
Ahmed,Kamel,ahmedkamel1511@yahoo.com,,
Moataz,Afifi,moataz-sami-afifi@hotmail.com,The Egyptian Ethylene & Derivatives Company - ETHYDCO,DCS Operating Engineer
Osama,Ibrahim,ussama.m.ali@gmail.com,ALCATEL ONETOUCH,Community Manager
Muhammad,Ilyas,ilyaskhantmg@hotmail.com,Codestudio,Digital Marketing Intern
Asmaa,Hassan,asmaa_hassan_ahmed@hotmail.com,Brightskies Technologies,HPC System Engineer
Sondos,Hafez,sondoshafez@gmail.com,"WayPart, Inc.",Operations Engineer
Nasser,Elsayed,eng_nmahmoud@yahoo.com,A.F.M. Company,Software Engineer
Ahmed El,Mahalawy,a.wahba660@hotmail.com,,
Mohamed,Saad El-Din,mohamed@skyteamdev.net,2P (Perfect Presentation),UI / UX Department Team Lead l UI / UX Designer
Hesham,Hamed,hesham_hamed47@yahoo.com,Suzuki Saudia Arabia,Service Advisor (Acting service manager)
Hesham,Fekry,enghaefekry@gmail.com,Valeo,Senior Embedded Software Engineer
Ahmed,Hassaan,ahmed2hassaan@gmail.com,Valeo,Software Project Manager
Mahmoud,Omar,mahmoudomar91@gmail.com,"Faculty of Engineering, Alexandria University, Egypt",Teaching Assistant
Mohamed,Elnaggar,m.gamal.elnaggar@gmail.com,Eventum IT Solutions,Sr. Network Engineer
Mohamed,El-Hosary,mohey13@yahoo.com,TAB-Electrical (إختبارات كهربية),Senior Electrical testing Engineer
Mohamed,Salah,engmohsalah@gmail.com,,
Amr,Sief,amr7san.facebook@gmail.com,Coveris Group (Formerly Kobusch),Process Improvement Engineer
Thomas,Chaumont,thomaschaumont@gmail.com,Université Jean Monnet,International Relations Officer
Mohamed,El-Belbesy,mohmdadel@gmail.com,dout.io,Product Manager
Omar,Jadallah,omar9oster@gmail.com,Saudi Telecom Company,Electromechanical Department Head
Mostafa Anwar,Taie,mostafa.anwar@ieee.org,Valeo Group,Software Architecture Expert
Mohamed,El Sobky,elsobky.mohamed@gmail.com,Valeo,Senior Embedded Software Engineer
Mohamed Ali,Eldabaa,engeldabaa@gmail.com,Procter & Gamble,"Europe, India, Middle East and Africa Operations Expectations Management Work Process Owner"
Mohamed Mahmoud,Ibrahim,m.mahmoud@narss.sci.eg,Hitachi,Senior Systems Architect
Amr Ali,"(ISTQB CTAL Full, CSM, ITIL Foundation)",amraldo@hotmail.com,Valeo,Technical Training Manager
Ahmed,Yasser AbdelBarr,ahmed.yasser@hotmail.com,Valeo - Comfort & Driving Assistance,Senior Embedded Software Engineer - Software Architect
Brian,Swift,the_mystery_machine77@hotmail.com,Totally Awesome Games Inc.,VP Publications
Mohamed,Yakout,mohamed.yakout91@gmail.com,DentalMarketing.Net | 123 Postcards,Software Engineer
Marwan,Saeed,merio_vip@yahoo.com,Vibrant Communications,Technical support
Abdelhamid,Kassem,abdelhamidkassem93@gmail.com,,
Ahmed,Jamal,ahmedjamalhassan@gmail.com,Amazon Web Services,Software Engineer
khaled,khamis,KHALEDKHAMIS@live.com,Amazon,Software Development Engineer
Mohamed,Khalifa,khalifa169@hotmail.com,,
Mohamed A. Moneim,Hassan,mohamed.moneim@msn.com,Valeo,Software Engineer
Eslam,Aboeliel,Eslam.aboelliel@gmail.com,Etisalat Misr,RF Capacity Planning Engineer
Sarah,Hesham,sarah_heshamm@hotmail.com,PGS,Geophysicist
Mina,Maher,meena.tawfik@gmail.com,EJADA,BI Consultant at Credit Agricole Egypt bank
Ahmed,Emara,eng.a.emara@gmail.com,Microsoft,Software Engineer
Marwan,Fayyad,marwan_fayad@hotmail.com,Eventum IT Solutions,Indoor RF Design Engineeer
Ibrahim,Sabek,sabek@cs.umn.edu,Microsoft Research,Research Intern
Omar,Ramzy,OmarRamzy4@hotmail.com,,
George,Mbanefo,george.mbanefo@darwinrecruitment.com,Darwin Recruitment,Machine Learning (M2M) Recruitment Specialist (Hamburg/Berlin) Germany
Marion,Blancher,mblancher83@gmail.com,,
Ahmed,"ElKhabiry, MBA",dr_ahmed_elkhabiry@yahoo.com,Novartis,Retina Product Specialist - Cairo
Ahmed,Sherif,eng.ah.sherif@gmail.com,Valeo Lighting Systems,Electronics Manufacturing Test Engineer
Ahmed,Ghoneim,ahmed.ghoneim.pr@gmail.com,,
Ahmed,Khalaf,me@ahmedkhalaf.com,Mentor Graphics,Software Development Engineer
ahmed,raouf,ahmedraouf90@gmail.com,Petromaint,Mechanical Project Engineer
Waleed,Saeed,waleed.s.eg@gmail.com,LORD INTERNATIONAL for Razors & Cosmetics EX. Wilkinson Sword Middle East,Packaging supply chain assistant manager
alex engineers,syndicate,trainingsyndicate@ymail.com,alex engineers syndicate,training department
Mohamed,Abd El Tawab,moh_tawab@hotmail.com,Valeo,GEEDS RAISE Official Certified SW Validation Reviewer
Stuart,Becker,stuart-becker@gmx.de,,
Eman,Elshaikh,eman.elshaikh@alex-eng.edu.eg,Freelancer,Arabic tutor
Ahmed,Tarek,enga.tarek@yahoo.com,Fawaz Refrigeration & Air- Conditioning Co LLC,Tendering Engineer
Nada,Gamal,nadagamal_ng@yahoo.com,Sarmady - a Vodafone Company,iOS Developer
Hisham,Yousry,hishamon-line@hotmail.com,dSPACE GmbH,Student Assistant
Karim,ElHossary,Khossary@hotmail.com,Sanofi,People and Organization Development Manager Egypt & Sudan
Ahmed,Alaa,ahmedmalaa@mail.com,Inovatian Inc.,Embedded Software Engineer
Mona,Shibair,monashibair@gmail.com,Valeo,HR Coordinator - Involvement of personal and safety function
Akram,Dawood,akrammdawood@gmail.com,MARIOUT ENGINEERING AND CONSTRUCTION (MEC),Mechanical Engineer
ahmed,elsalahy,ahmed_adg301@hotmail.com,Valeo,Embedded Software Engineer
Ahmed,Selim El-Mosallamy,ahmed.selim@eg.ibm.com,Top Business Group,Senior Projects Sourcing & Recruitment Operations
Osama,"Shaaban, MBA, ITI",osama.amit@gmail.com,"Valeo Interbranch Automotive Software ""VIAS""",Knowledge Leader
Hassan,Magdy,hasan.magdy@gmail.com,X Digital Group,Technical Team Leader
Ahmed,Meheina,ahmedmeheina@gmail.com,Si-Ware Systems,PHP Developer
Amr,Abdelrahman,amr.abdelrahman80@gmail.com,Valeo,Senior Software Team Leader
Fathy,Nasef,fathy_ahmed@msn.com,Valeo,Program Manager
Ayman,Ahmed,a_ymn2002@yahoo.com,NARSS,System Engineer at Egyptian Space Program
Walid,El Henawy,eng.walid89@gmail.com,Valeo,Senior Software Engineer
Mahmoud,Aboukhedr,mahmoud_abokhedr@hotmail.com,City University London,Teaching Assistant
Mohamed,Hagag,m.haggag.hamada@gmail.com,,
Sherif,Serageldin,sherif_falcon2010@hotmail.com,Eventum IT Solutions,RF DAS Design Engineer
Ahmed,Mahmoud Salama,as_eng71@yahoo.com,Qatar University,Research Assistant
Michel,Mina,michealmina2@gmail.com,Valeo,Intern
Omar,Mohsen Abdel-Rasoul,omar.mohsen.abdelhamid@gmail.com,Vilicom,DAS/Small Cells Senior Design Engineer
Mark,O'Toole,mark.otoole@darwinrecruitment.com,Darwin Recruitment,Recruitment Consultant
Mustafa,AbdulMonem,mustafabdulmonem@gmail.com,Valeo,Jr. Embedded SW Engineer
Muhammed.,Rakha,muhammed.rakha@yahoo.com,,
Hala,Ahmed Mohammed,hala.dom_2010@yahoo.com,E-WEB,Volunteer
Ahmed,Hashish,ahmed_hashish@ymail.com,Tagy For Electronics Industries,Manufactoring and Repairing Section Head
Ahmed,Samir,ahmed.samir095@gmail.com,Arab Academy for Science and Technology and Maritime Transport,Demonstrator
Hesham,Salama,heshamsalama90@gmail.com,Eventum IT Solutions,Indoor design engineer
David Robert,William,davidrobert111@yahoo.com,Orange Business Services,IP Problem Management Expert (IOC)
Hesham,Fathy,hellboy_90@hotmail.com,T3Fun,Head Community Manager
Mahmoud Essam,El Sanhoury,mahmoudessam08@gmail.com,University of Vaasa,MSc Student
Nadhy,Elsayed,el.nadhy@ymail.com,Freelance,Journalist Writer & Social Media Blogger
Mohamed,Morsy,eng.mohamed.morsy.mohamed@gmail.com,CIT Global,Senior Java Specialist
Ramy,Refky,rrefky@gmail.com,Valeo,Senior Software Design Engineer
Ahmad,Eldabaa,eng.aeldabaa@gmail.com,Procter & Gamble,Projects Manager - PC&IS Leader
Sameh,Khater,skhater@live.com,Valeo,Senior Software Application Engineer
Ahmed,AbuTabl,a.abutabl@gmail.com,Valeo,Embedded Software Engineer
Sherif,Gamal,sherif.gamal.1990@gmail.com,General Assembly,Teaching Assistant
Ahmed,Kamel,falcon.greatly@gmail.com,Valeo,Senior Embedded Software Engineer
Sally,Hammady,sally.hammady@gmail.com,Nokia,X-Haul Solutions & Tendering
ahmed,salah,ahmed.salah.any@gmail.com,PiTechnologies Group,An Accountant
ahmed,abouzaid,a_abouzaid89@yahoo.com,Varkon Semiconductors,System design engineer
Amr,Elsayed,eng.amralsayed@gmail.com,,
Mostafa,Elkaffas,elkaffasmostafa@gmail.com,Reliance Heavy Industries RHI,Condition Monitoring Engineer
Hazem,Alaa Eldeen,eng.hazemalaa@gmail.com,The Egyptian Ethylene & Derivatives Company - ETHYDCO,Mechanical Maintenance Engineer
Sameh Mahmoud,El Ashry,samehelashry2014@gmail.com,Silicon Vision,Digital Verification Engineer
Katherine,Scott,katherinescott02@mail.com,Sundance Financial and Trading Corp.My primary responsibilities include recording and analyzing the,Key Account Manager
Mohamed,Shouman,shouman87@gmail.com,HR Revolution Middle-East Magazine,Co-Founder & HR Copywriter
Ahmed,Yossef,ahmed.mohammed.yossef@gmail.com,Valeo,Software Engineer
Ahmad Bassam,Sayed Ayoub,bassam.alexsb@gmail.com,IEEE,Volunteer
Moataz,Abdelkader,moutaz.abdelkader@gmail.com,Eventum IT Solutions,Senior RF DAS Engineer
mostafa,El-Gammal,adelekemath@gmail.com,Member of the Editorial Board of JACE,http://smatpub.com/ojs/index.php/JACE/about/editorialTeam
Ugo,Aubri,ugoaubri@gmail.com,LDLC,Data Miner CRM
Ahmed,Adel,ahmed.moez@outlook.com,Valeo,Embedded Software Test Engineer
Muhammad,Samir,eng.muhammad_samir@yahoo.com,Software Safety Engineer,Software Safety Engineer
Alaa,soliman,alaa_solimana@yahoo.com,Valeo,Software Engineer
mourad,rahal,eng.mouradrahal@hotmail.com,EMC  san masr,mechanical engineer
Moustafa,Eshra,moustafa.eshra@gmail.com,,
Moustafa,Kassem,kassem@usi.ch,USI Università della Svizzera italiana,MSc Student
Mohamed,ِAbd El-moneam,medo_king2019@yahoo.com,Modern Mobile Service,MMS
Karim,Zaghloul,karimmkamal@hotmail.com,Hardscore Games,Head of Product and Monetization
Mahmoud,Abdo,eng.mahmoud.abdo90@gmail.com,fathallah market groups,HVAC & Firefighting Engineer
mai,ste center,maimosaad55@yahoo.com,science & technology engineering center,training manager
Omar,Abdelaziz,omar9131@gmail.com,Ousta Technologies,Full Stack Developer
Amgad,Salman,qenawy12@hotmail.com,AMGAD SALMAN for Certified Legal Translation,Senior Translator
Mohamed,ElZahhar,m.m.elzahhar@gmail.com,Valeo,Senior Embedded Software Engineer
Ahmad,Moursy,amoursy@zewailcity.edu.eg,Zewail City of Science and Technology,Research Assistant
Fadia,Wasfy,fadia.wasfy@gmail.com,Egyptian Engineering Day,Marketer
Ahmed,Nakhlawy,nakhlawy@hotmail.com,M-I SWACO,Drilling fluids specialist
Ahmed,Khalil,eng_ahmed.khalil@yahoo.com,Technology & Strategy,Consultant
Wael,ElSharkasy,wael.sharkasy@gmail.com,UC Irvine,PhD Student
Tamer,Elfeky,tamer.amin.elfeky@gmail.com,Ibtikar Technologies,Network Administrator
Mostafa,Solo,mostafa_sol@hotmail.com,Valeo,Senior Software Engineer
Mostafa,M.Amin,mostafa.m.amin.91@gmail.com,TCI SANMAR CHEMICALS SAE,Operations Engineer
Alaa,Hammad,alaahammad90@gmail.com,EMC,Technical Support Engineer
Sherif,Mohamed Diaa,sherif.diaa44322@gmail.com,Valeo,Software Development Leader
Ahmed,Samy,ahmed.samy.298@gmail.com,Coveris Flexibles Egypt (Formerly Kobusch),After Sales Engineer
andria,malek,androveno2006@hotmail.com,Vodafone Egypt,customer service
Andrew,Mansour,andrewsobhy@gmail.com,Orange Business Services,Incident Managment Specialist
Farnaz,Majidzadeh,fmajidzadeh89@gmail.com,"Laboratoire Images, Signaux et Systèmes Intelligents - LiSSi",Research Intern
ali,abo alaion,ali_aboalaion@hotmail.com,PepsiCo,Electrical Engineer
Mo'men,Saeed,momen.saeed@gmail.com,Playback media Production,CEO
Ahmed,Amr Abdul-Fattah,AhmedAmrOn@hotmail.com,BADR,Software Engineer
"Sherif,",Ahmed,ams_engineer2007@hotmail.com,GE Healthcare,MRI/DGS (xray and cathlab) Field engineer
Kareem,Fadly,kareem.fadly@gmail.com,Valeo,Senior Principal Software Engineer
Ahmed,Fawzy,eng_fawzy90@live.com,"The Egyptian Satellite Company, Nilesat",Nilesat
Heba,Abdelnasser,hebaabdelnasser@gmail.com,,
Islam,Shalaby,ishalaby@gmail.com,HERE,Software Test Engineer
Aditya,Siddannavar,aditya_siddannavar@yahoo.com,Bigpoint GmbH,Performance Marketing Intern
Mohammed,Elbtity,elbtity@azhar.edu.eg,Engineering Faculty of Al-Azhar University,student
Ahmed,Fathy,afathyyoussef@gmail.com,EJADA,Etl Consultant
kreaz,Zien El-Din,kreaz.zieneldin@gmail.com,,
mohamed,rashed,rashedmohamed@yahoo.com,Alexandria University,Prof.
Mohamed,Mahmoud,muhmedmahmoud@gmail.com,Vibrant Communications,Lead community manager
mohamed,omar,eng_mora87@yahoo.com,Al ARRAB CONTRACTING COMAPNY,Electrical Engineer
MahMoud,ImouGHanii,mahmoud_elmoughany@yahoo.com,Bibliotheca Alexandrina,Technical Support Engineer
Hasan,Ellithy,h.lithy@hotmail.com,"NAGA Architects, Engineers, Designers, Planners",Electrical Design Engineer
Nedal,Ashoush,nedalashoush@gmail.com,"Innovideas, LLC.",Production Guru
Abdelrhman,Zalam,info@abdelrhman.info,Upgrade Team,Technical Manager
Ahmed,Mubarak,roofman2008@gmail.com,Huawei Technologies,OSS Engineer & Automation Engineer
AbdelRahman,Ali,ali.abdelrahman@yahoo.com,Valeo,Embedded Software Designer
Mohamed,Shazly,m.k.elshazly@gmail.com,Valeo,SW Department/Program Manager
Mohamed,Soliman,mohamed.soliman@aalto.fi,Le Tote,Product Design Intern
Islam,Hamdy,semo_2004@hotmail.com,Astrazeneca,Medical Sales Representative
Mohamed,Alaa,mohamed.alaa97@hotmail.com,Snappers,Character Artist/Facial Modeler
Bahaa Eldin,Naguib,bahaa.naguib@gmail.com,The Egyptian Ethylene & Derivatives Company - ETHYDCO,Mechanical Engineer
Mustafa,Khairallah,khairallah@ieee.org,Boost Valley Consulting Services,Design Verification Engineer
Awad A.,Bekhet,awad_ali_90@yahoo.com,Atmel Corporation,Embedded Software Engineer
Eman,Riad,emana.riad@gmail.com,Valeo,Principal Software Engineer
Ahmed,Galal,a.galal7@gmail.com,Amreya Petroleum Refining Company,Oracle Developer
Hesham,Gaber,passhesham@hotmail.com,,
Ahmed,Youssef,Ahmedyoussef23@ymail.com,Air Defense forces,Army officer
Mohamed,Al-Salakawy,mohamed.alsalakawy@hotmail.com,SALAKAWY PHARMACIES,General manger &co-owner
Mohammed,Hassan,hegooo@yahoo.com,Zewail City of Science and Technology,Research Assistant
Ahmed,Alaa,ahmed.alaa89@hotmail.com,Technical Trainer at Universiti Teknologi Malaysia and different Egyptian Universities,Technical Trainer
Mostafa,Ezz,mostafa_2059@yahoo.com,Valeo,Senior Software Engineer
Ismail,Ahmed,calostosemsem@yahoo.com,,
Ahmed,Hashish,ammhashish@gmail.com,Information Technology Institute (ITI),Intern
Ahmed,Abdelaziz Mohamed,ahmed.abdulaziz12@gmail.com,icealex,Volunteer
Raavi,Raghunath,raghu.r@usgrpinc.com,United Software Group Inc,Sr.It Recruiter
Abdelrahman,Elmansy,abdelrahman.elmansy@yahoo.com,Arabian Construction Company Wll.,Electrical Engineer
Youssef,Hatem,youssefhatem@live.com,Etisalat UAE,IT Technical Support Administrator
Mohamed,Rezk,rezk122@yahoo.com,"Mahmood Saeed Beverage Industry. KSA, Jeddah",Electrical Engineer
Mostafa,Bayome,mostafa.bayome2011@gmail.com,Toshiba Medical systems,UltraSound and Konica Minolta Field Engineer
Ahmed,Abbas,ahmed.md.ghareeb@gmail.com,Looking for a Job that matches my Expertise and Skills,"IT, Editing, Research, Services, Driving, HR, Planning, Civil Work"
Abdelrahman,Abdelkader,abdelrahmancisco@gmail.com,Advanced Computer Technology (ACT),Presales Engineer
Mohamed,Elmoghany,m.osama.elmoghany@gmail.com,,
Ahmed,Abuiliazeed,abuiliazeed@gmail.com,Qafeer MakerSpace,Founder and CEO
Nouran,Abdelshafy,nouran.zafaan@gmail.com,Aria Systems Inc,HR Specialist
Mohamed,Fahmy,fahmy.muhamed@gmail.com,TE Data,Network Operations Engineer
Mohamed,Khafagi,khafagim@gmail.com,Mondelēz International,Packaging Section Maintenance Engineer
Sherif,Ibrahim,brosly_fire@hotmail.com,,
Osama,Raafat,osama.raafat11@gmail.com,,
Prof. Dr. Mostafa,ElGammal,profgammal@hotmail.com,"Faculty of Engineering, Alexandria University, Egypt","Emeritus Professor, ex-Head of Marine Engineering Department"
Ahmad,Hussein,Ahmuxs@gmail.com,Cairo Air Navigation Center - Civil Aviation,Senior Electrical Engineer
burak,demirci,burakdemirci90@hotmail.com,,
Sameh George,Saad,samehgeorgea@gmail.com,Amazon Web Services,Network Development Engineer - Network Reliability & Optimization
Ahmed,Abd El-latief,ahmed_abdel-latif@cargill.com,Cargill,AEI Engineer
Mostafa,Abd Al-Kareem Kassem,mostafakareem93@gmail.com,"Hexa | Smart Solutions ""underground company""",Co-founder and General-Manger
Mohamed N.,Soliman,Mohamed_nabil91@hotmail.com,Multiple Projects,Freelancing
Nourhan,Hossam,nourhan.m.hossam@gmail.com,BO Creative,Designer
Hatem,Faheem,hatem.faheem@gmail.com,,
Ahmed,Ghazal,a.h.ghazal90@gmail.com,"Faculty of Engineering, Alexandria University",Teaching Assistant
Omar,Samir,omar.samir3000@gmail.com,,
Muhammad Isa,Aldacher,muhammadisaaldacher@gmail.com,,
Hesham,ELNakhlawy,hesham12690@hotmail.com,Bigpoint GmbH,Product Manager
islam,talha,islam_talha@hotmail.com,Information Technology Institute (ITI),Game Developer
Ibrahim,Farag,ibrahim.farag@hotmail.com,Advansys ESC,Operations Manager
Mohamed,Abdelmoneim,muhammad.sleem@outlook.com,imec,Electronics Engineer Internhsip
Khaled,Ramadan,eng.khaled_r@yahoo.com,DEWA,Telecommunications Engineer
Osama,El-Sheikh,osamaelsheikh1@gmail.com,High Point Furniture,Interior Designer & Sales Engineer
