First Name,Last Name,Email
Adrian,Brown,
Aditya,Siddannavar,
Torren,Pietzsch,
Sherif,Mohamed Diaa,
Stuart,Becker,
Mostafa,Abd Al-Kareem Kassem,
Hamdy,Abdullah,
Mohamed,Saleh,
Mahmoud,Sherrah,
Tinhinan,SEDKAOUI,
Mark,O'Toole,
Kareem,Maghawry,
Ugo,Aubri,
Joseph,Carpenter,
George,Mbanefo,
Ramy,El-Gharbawy,
Moataz,Gaber,
Faezeh S,Zakeri,
Leonard,Kandolf,
Michel,Mina,
Amr,Elsayed,
Michael,Maurus,
Ahmed,Samir,
KHALIL,HURAIBAT,
Tamer,Elfeky,
Mohamed,Al-Salakawy,
Essam,Hassanein,
Ayman,Hammouda,
Moataz,Essam,
Mohamed,Beltagy,
Abdelrahman,Abdelkader,
Mohamed,Gamal,
Thomas,Chaumont,
Ahmed,Khalaf,
Almoataz,Bellah M.,
Akram,Dawood,
Muhammad,Samir,
Ahmed,Rami,
Farnaz,Majidzadeh,
Mohamed,Alaa,
Rahaf,Aljundi,
Nada,Achargui,
Rania,Abd El-Rahaman,
Mohamed,Shazly,
Sherif,Yahia,
Mohamed,Ali,
Dalia,Ragheb,
Chris,Mclaughlin,
Niraj,Gupta,
rami,el sayed othman,rami_motors2020@live.com
Samantha Itzel,QR,samitz12@hotmail.com
Mostafa,Kamel,mostafakamel122@yahoo.com
a7mad,3bd el-latif,ahmed.abdellatief1@alex-eng.edu.eg
bahja,Al,babie-grl-bahja@hotmail.co.uk
brian,brian,transs_@hotmail.com
Jannette,Yamkosumpa,JannetteYamkosumpa2317@hotmail.com
Ahmed,AbuTabl,abutabl@live.com
maidy_19@hotmail,com,maidy_19@hotmail.com
Robert,Nemiroff,nemiroff@mtu.edu
Ahmed,Khattab,proftwister4000@hotmail.com
Marc,Michel,marc_m.fahmy@hotmail.com
Omar,Samir,eng.omar.samir@live.com
mahmoud_love516@yaho,com,mahmoud_love516@yahoo.com
Kerry,Downey,kerryfamili@hotmail.com
Charlot,Monson,charlotmonson88@hotmail.com
princess_sara_adel,com,princess_sara_adel.99@hotmail.com
AmirHKamal@hotmail,com,AmirHKamal@hotmail.com
nahed9999@hotmail,com,nahed9999@hotmail.com
moustafa_Kssm@window,com,moustafa_Kssm@windowslive.com
Season,Hilovsky,SeasonHilovskyhweqs@hotmail.com
Mohamed,Awad,m_a_awad@hotmail.com
ramy,com,ramy.elgharabawy@live.com
ahmedhamdy2121@hotma,com,ahmedhamdy2121@hotmail.com
Osama,Ali,badsystem@gmail.com
refat,Fayed,r.fayed@hotmail.co.uk
mizoo201032009@hotma,com,mizoo201032009@hotmail.com
yahyashabara@hotmail,com,yahyashabara@hotmail.com
,Kinney,VargasfKelley@hotmail.com
kitty. sisi.,com,kitty.sisi.94@hotmail.com
moustafa_kassem@ieee,org,moustafa_kassem@ieee.org
bassam,abd-el-satar,bassoo_2010@hotmail.com
broken_heart_08@hotm,com,broken_heart_08@hotmail.com
xristobasilis,antonakopoulos,zardukjunior@hotmail.com
aania_leffek,,aania_leffek@wp.pl
Harley,Watson,harley.watson5@hotmail.com
sondoshafez@hotmail,com,sondoshafez@hotmail.com
makis21,tsilimidos,makis-1995-@hotmail.com
karim@vibrantcommuni,com,karim@vibrantcommunications.com
SFI,,mail@sfimg.com
biomedical,com,biomedical.electronics@yahoo.com
a_7amada_2009@yahoo,com,a_7amada_2009@yahoo.com
lilie-lilie1,S.,lilie-lilie1@gmx.at
omar,refaat,refaatoo71@hotmail.com
monaelyamany@yahoo,com,monaelyamany@yahoo.com
nohamavrakis,mavrakis,nohamavrakis@hotmail.com
sexy_milki_sbg,savic,sexy_milki_sbg@hotmail.com
Sophie,Ho,sho@activtrades.com
thedarkspark@windows,com,thedarkspark@windowslive.com
Altha,Salafia,AlthaSalafia0240@hotmail.com
Altha,Salafia,AlthaSalafia0240@hotmail.com
Mohamed,Hassan,mohamed_nady_@hotmail.com
Monserrate,Gehrmann,MonserrateGehrmannoaviz@hotmail.com
Mona,El Yamany,monanagy@live.com
Aya,Mahmoud,ayamahmoud_20@live.com
Ahmed Abouzeid,,ahmed.adel.abouzeid@gmail.com
Ahmed,El-Latif,a.latief91@gmail.com
?s???a?,?,nonosh-93@hotmail.com
Heba,Said,d-heba1994@live.com
Ahmed,Mubarak,roofman2008_a7bab@hotmail.com
sherif,elgammal,selgammal@zewailcity.edu.eg
Rana,Hassan,eng.ranahassan@gmail.com
Cherry,Ren,cherry.ren@live.com
abdallah,mokhtar,elgendyhome@yahoo.com
zero_ar3000,,zero_ar3000@yahoo.com
Mohamed,magdy,magnon_migo@hotmail.com
Nabiel Ghonem,,nabiel62@yahoo.com
Hoda,El Mikaty,hoda.elmikaty@bibalex.org
Nagma,Syed,nagma.syed@ubisoft.com
Mohamed,Bassam,mb_manoo_4ever@hotmail.com
Khaled,Fsttah,kabdelfattah@zewailcity.edu.eg
Ahmad,El Sallab,ahmad.el-sallab@valeo.com
Mina,Sabry,mina.sabry@valeo.com
Dong,Sheerin,DongSheerin4359@hotmail.com
Mohamed,Rashad,thematrixman_2020@yahoo.com
umberto,bondi,umberto.bondi@usi.ch
Karim,Mohamed,karimmkamal@gmail.com
Hesham,Nakhlawy,nakhlawy1@gmail.com
Abd-Elrahman,Fathy,eng.a.fathy@hotmail.com
Andrew,Sobhy,Andrewsobhy@ieee.org
Mostafa Anwar,Taie,mostafa.anwar@valeo.com
Mohammed,El-Fahaam,mamdouh_crespy@hotmail.com
Abdelrahman,H. Elsayed,eng-a-hesham@live.com
Hisham,Elraay,hesham_elraay@hotmail.com
Mustafa,Okasha,mustafa090914@bhit.bu.edu.eg
mostafa,El-Gammal,profelgammal1943@yahoo.com
Youssef,Hatem,tarazan_4000@yahoo.com
Ahmed,Sherif,ahmed.sherif@roche.com
Ahmed,Ghassan,ahmed.g.mounir@ieee.org
Mostafa,Eissa,off_road_4244@hotmail.com
Osama,El.Sheikh,osama_el.sheikh@hotmail.com
Ahmed,Alaa,ahm.3la2@gmail.com
,,ugo.aubri@gmail.com
Leandro,Lavres,leandrolavres@yahoo.fr
Marwan,Osman,lordm2005@gmail.com
Frédéric,Desmoulins,coders@codingame.com
Salim (Ecole,Mines),benhoussasalim@gmail.com
Noomane,Nouali,noua.noomane@hotmail.fr
.,Emb. Berlin. Informacion,emb.berlin.inf@maec.es
Verena,Tenzer,verena.tenzer@dfki.de
Mahmoud,Abokhedr,abokhedr.mahmoud@gmail.com
Marc,Sebban,marc.sebban@univ-st-etienne.fr
Mostafa,M.Amin,mostafa.m.amin.91@gmail.com
Ahmed,Ellatif,a.latef@ieee.org
Ibrahim,Refaat,ibrahimrefaatb@alexu.edu.eg
Ahmed,Kassem,Ahmed.Kassem-A@unilever.com
Ziad,Hosni,ziad.hos.mohammed@hp.com
mohammed,zedan,mohammed.zedan.1990@gmail.com
thomas.chaumont@univ,,thomas.chaumont@univ-st-etienne.fr
Fabian,Guiza,fabian.guiza@med.kuleuven.be
,,tickets-848339-22f6a50598aa2f5efb42714acf17ecdd5b44c1af@support.digitalocean.com
Amir,Abdel-Ghany,Amir_Abdel-Ghany@mentor.com
Mike,Schwartzberg,mike@motiveinteractive.com
Christoph,Stamm,christoph.stamm@trademob.com
Trinh,,Trinh@motiveinteractive.com
Neil,Baquiran,neil.baquiran@applovin.com
,,Ahmed.Salah.shokr@gmail.com
,,ahmedabdienxx@gmail.com
,,sami.khoury90@gmail.com
Mohamed,El-Razeq,m.a.abdelrazeq@gmail.com
Karen,Herrmann,herrmann@atlasrelocation.de
.MADRI,Maria,rk-11@madri.auswaertiges-amt.de
Ahmed,Mubarak,ahmadmubarak@softcut.net
omar,kazem,eng.omar.kazem@gmail.com
Mohamed,El Kady,mmelk2@hotmail.com
Amro,Ezzat,amrohossny@hotmail.com
Mohamed,El Shenawy,new_mido22@yahoo.com
Heba,Said Refaie,dr.heba1994@gmail.com
O. Selim,Celik,omer.selim.celik@gmail.com
Sherif,Eldeeb,king_magk@yahoo.com
Ahmed,EL Sayed,ahmed_elsayed_12@yahoo.com
Amr,Mahrous,amrmahrous@live.com
Hossam,Bassyoni,hossam.ayg@gmail.com
Nurrettin,Avcı,nurettinavci01@hotmail.com
Ahmed,Gamal,gemi146@gmail.com
Moataz,Hussein,hussein.moataz@gmail.com
John,Agaban,johnmawhoub@hotmail.com
Alaa,Ibrahim,allaa.ibrahim@hotmail.com
Moustafa,EL Tayeb,moustafa.eltayeb@temple.edu
Mehul,Chhallani,rocking_mehul@yahoo.co.in
Ibrahim,Ashraf,ibrahimashraf66@gmail.com
Ceyhun,Dönmez,jhunj@hotmail.com
Ziad,Hosni,sword_x_sheath@hotmail.com
Ahmed,Saleh,sapor_actor6006@yahoo.com
Essam,Heggy,essam.heggy@gmail.com
Mohamed,Ragab,mmragab_2012@hotmail.com
Mahmoud,Mimi,hoda_4ever00@hotmail.com
Mahmoud,Sherrah,mahmoud.g.sherrah@gmail.com
Mojtaba,Eslahi,mojtab_esi@yahoo.com
Tamer,Shams El Din,tamer.adel.shams@gmail.com
Louai,Omar,louai.hassan.omar@gmail.com
Mohamed,ELHALWAGY,halwagy@ieee.org
mostafa,imam,
Mikel,Forcada,
Mohamed,Aamer,
Leandro,Lavres,
Kareem,Fadly,
Ahmed,Abbas,
Mostafa,M.Amin,
Ahmad,A'zat,
Ahmed,Elshagea,
Mohamed,ElNakoury,
Mohamed,Nabil,
Ahmed,Kassem,
El Moatasem,Mohamed,
Marion,Blancher,
Mohamed,Morsy,
Mahmoud,Mokhtar,
Riyadh,Benammar,
khaled,Saleh,
Ahmed,"ElKhabiry, MBA",
Victoria,Chesnova,
Ziad,Hosni,
Bishoy,Wasfey,
Eslam,Aboeliel,
Riyadh,AlAhmadi,
Mohamed,El-Belbesy,
Waleed,Saeed,
Ahmed Shaban,"MBA,PMP,ITIL ,BSC Eng",
Andrei C.,Ignat,
Islam,Hamdy,
ahmed,raouf,
Mona,Elyamany,
Sami,Alkhoury,
Ismail,Ahmed,
Hossam,Farouk,
Kareem,A.Abdullah,
Ashraf Ibrahim," - BSc, MBA",
islam,talha,
Brian,Swift,
Hesham,Eraqi,
Mohamed,Fahmy,
alex engineers,syndicate,
Sherif,Ibrahim,
Cihan,AYDIN,
Ahmed,Amr Abdul-Fattah,
Eva,Schönberg,
Omar,Barghash,
Mahmoud,Khalaf-Allah,
Dawood,Al Chanti,
Ahmed,Shawky,
Fathy,Nasef,
Hisham,Yousry,
Mahmoud,Sameh,
Mohamed,"MADBOULY, MBA",
Maged,Nasan,
Nada,ezzelarab,
Muhammad,Ilyas,
Tuong Tho,VO,
Mohamed,Salah,
Mohamed,Yousef,
Hesham,Hamed,
Yasmine,Mohammed Refaat,
Mohamed,Ehab Elennah,
Ramy,Refky,
Ahmed,Hassaan,
Sherif,Ragaai,
Omar,Abdelaziz,
sherif,rahmy,
Mohamed A. Moneim,Hassan,
Sherif,Eltahawy,
Mohammed,Elbtity,
Nadhy,Elsayed,
Khaled,Saleh,
Tarik,Yusuf,
Mina,Youssef,
Ramy,Elshenawy,
Hosny,Diab,
Muhammad,Magdi Saad,
Mohamed,Abo Arais,
Amr,Abdelrahman,
MaHm0uD,ElBaz,
MD,Ibrahim,
Emad,El-Mehelmy,
Islam,Arafa,
Abdelhamid,Kassem,
Mostafa,Atef,
Hossam Eldeen,Altokhy,
Ahmed,Adoha,
Alain,Tremeau,
Ahmed,Badr,
Mohammed Abdel Hamid,Ahmed,
Mohamed,EL Assal,
Eng Ahmed,Shawky,
Ahmed,Elsayed,
Marwan,El Zorba,
Ahmed,Fathy,
Mohamed,Saad El-Din,
Hassan,Magdy,
mohamed,elshenawy,
Anna,Coffey,
Ahmed,Youssef,
Akram,Monsef,
Michael,Naguib,
Amgad,Salman,
Nasser,Elsayed,
Moataz,Afifi,
Ahmed,Kamel,
Osama,"Shaaban, MBA, ITI",
Amr,Sief,
Samer,El-Ghandour,
Youssef,Atef,
mohamed,mitwaly,
Ahmed,Tarek,
Mahmoud,Youssef,
Mostafa,Gaber,
Mostafa,Ezz,
Mohamed,Ibrahim,
Mahmoud,Farouk,
AbdelRahman,Ali,
umberto,bondi,
Ahmed,Alaa,
Abdelrhman,Zalam,
Ahmed,Ghoneim,
Aya,Mounir,
Luo,naifeng,
Heba,kamal,
Sara,Arafa,
Nouran,Abdelshafy,
andria,malek,
Samira,Negm,
Youssef,Hatem,
Mohamed,Elmoghany,
Ali,Talaea,
Mahmoud,Omar,
Amir,Abdel-Ghany,
Amr,Bekhiet,
Ramy,Kotb,
Abdallah,Mohamed,
mohamed,omar,
Ahmed,Sherif,
Seyit Arda,Sert,
sherif,elgammal,
rami,el sayed othman,
Mohamed,Awad,
ahmed,Mahmoud,
ramy,elshenawy,
Ahmed,Khattab,
Khaled,Ramadan,
Hazem,Hagrass,
Mohamed,Yakout,
Karim,ElHossary,
Ahmed,Shokr,
Karim,Rostom,
Nourhan,Hossam,
Remon,Makram,
Ahmad,Hussein,
Ahmed,Yossef,
Eman,Riad,
Hossam,Moustafa,
Ammar,M. Kishk,
Hesham,Fekry,
Mohamed,Abdelmoneim,
Franklin,Adames,
Engie,Kamel,
mohamed,salah,
Mohamed,Shouman,
Shereef,Marzouk,
Ahmed,Selim El-Mosallamy,
kreaz,Zien El-Din,
Ahmed,Kassem,
Mina,Sabry,
Ahmed,Galal,
Harald,van Klaveren,
Sameh,Khater,
Hazem,Atef,
Raavi,Raghunath,
Sherif,Serageldin,
Mostafa,Elkaffas,
zainab,mamdouh,
Hesham,Gaber,
Sameh,Shebl,
Hisham,El Meligi,
Hala,Ahmed Mohammed,
Hanaa,Hachaad,
Menna,Soliman,
Hesham,Fathy,
Bishoy,Saber,
Amr,Hegazy,
Passant,NouR,
Ahmed,Abuiliazeed,
Mahmoud,Hossam,
Hatem,Faheem,
Mohamed,Fadel,
Ahmed,S. Abdulhady,
Mohammed,El-Boghdady,
Saffeyeldin,Khalil,
Hasan,Ellithy,
AbdurRahman,ElGammal,
Mohamed,Morsy,
Khaled,Helal,
Hossam,Elbaz,
Anwar,Mohamed,
Ahmed,Samy,
Fadi,Sedik,
Mohamed,Yousri Khalifa,
Muhammad,Mamdouh Hammad,
ahmed,elsalahy,
Ahmed,Marzban,
Nedal,Ashoush,
"Sherif,",Ahmed,
Adel,Elmahdy,
muhammad,zidan,
mohammed,khairy,
Haytham,Fawzy,
Ahmed,Habashi Ismail,
Shady,Ahmad,
Amr,Sharaf,
Mariam,Ahmed,
Mostafa,Eissa,
Ali,Merdan,
Ahmad,El Sallab - PhD,
Ahmed,Yasser AbdelBarr,
Fadia,Wasfy,
Osama,El-Sheikh,
Ahmed,Helal,
Amr,Elgretly,
fady,omar,
Sherif,Soliman,
Ahmed,Nakhlawy,
Shuayb,Alrawi,
Tarek,Hamza,
Ahmed,Hashish,
Mohamed,El Sobky,
Nora,Hegab,
Mostafa Anwar,Taie,
Tamer,Abd El Salam,
Amr,Ismaiel,
David Robert,William,
mohamed samy,shalby,
Mina,Sabry,mina.sabry@valeo.com
Ahmad,El Sallab,ahmad.el-sallab@valeo.com
Samer,El-Ghandour,samer.el-ghandour@valeo.com
Mona,Shibair,
Mohamed Ali,Eldabaa,
Walid,El Henawy,
Mohamed N.,Soliman,
Mohamed,Mohy,
Ahmed,Mostafa Mohamed,
Abdurahman,Alfeky,
Mahmoud,Shalaby,
Hicham,Arafa,
Karim,Nasreldin,
Mostafa,Mohamed,
Ahmed,Ghassan,
Maged,Elghareib,
Mohamed,Hegazy Amer,
David,Ghaly,
Mohamed,Magdy Saber,
Islam,RADY,
Mohamed,ElZahhar,
Islam,Shalaby,
Ahmed,Khalil,
Abdelrahman,Adel Ibrahim,
Mohamed,"M.Ebrahim,CISSP",
Deyaa,Younis,
Osama,Othman,
Ibrahim,Farag,
Ahmed,Abdelrahman Atef,
Mostafa,Solo,
Maged,Rawash,
Ahmed,Heikal,
Mohammed,Diab,
Reda,Moukarrab,
Alaa,soliman,
Mohamed,Hagag,
Mhmd,Hanafy,
Hesham,ELNakhlawy,
Taher Mohammed,Ghaly,
Mohamed,Soliman,
Amr,Ali Bakr,
Sara,Sharaf,
Ahmed,Ghazal,
Amr,Bakr,
Ahmed,Nagy,
Mohamed,Abdelmoteleb,
Tareq,Salaheldeen,
mohammed,zedan,
John,Morkoss,
Abdelrahman,Elmansy,
Iman,Mekki (PMP),
Ahmed,Sayed,
Soha,Badry,
hussein,baraka,
Mahmoud,GAMAL,
Hassaan,Elsayed,
zeiad,abbas,
Belal,Elkady,
Hisham,Elraay,
Mohamed,Abd El Tawab,
Mohamed,Khalifa,
Mahmoud,Abdo,
Abdelrahman,Elbashandy,
Ahmed,Abdelaziz Mohamed,
MahMoud,ImouGHanii,
Ahmed,Meheina,
Chadi,Elsayed,
Ahmed,Jamal,
Mohammad,T. Hussien,
Islam,Hawash,
ahmed,abouzaid,
Momen,Zakaria,
Andrew,Mansour,
Ibrahim,Sabek,
Omar,Mahmoud,
Moataz,Fouad Youssef,
Jihad,Ismail,
Osama,Raafat,
ola,khaled,
Abd-Elrahman,Fathy,
Mohammed,Mamdouh El-Fahaam,
Aly,Abd El Aziz Aly,
Moataz,Abdelkader,
Ahmed,Ashry,
Mohamed,El-Hosary,
Mustafa,AbdulMonem,
Yahya,Ezzeldin,
Mohamed,El Dallal,
Mostafa,Bayome,
Amr,Khaled,
Mohamed,El Rayany,
Wael,ElSharkasy,
Mohamed,ِAbd El-moneam,
Ali,Gaber Mohamed,
Mohamed,Rezk,
Hesham,Abdelwareth,
abdo,abdoabdoo,
Ahmed,Mustafa,
Akram Hussain,Kolkaila,
Sameh George,Saad,
Ahmad Bassam,Sayed Ayoub,
mostafa,El-Gammal,
Ahmed E.,Soliman,
Rabya,Nasr,
Aasem,SHaheen,
Ahmed,Elsayed,
Mostafa,Mabrouk,
Mohamed Mahmoud,Ibrahim,
Amr,El-MasrY,
EL-Anwar,AbdelHadi,
AbdelRahman,ElTawila,
Sherif E.,Saleh,
ali,abo alaion,
Mohamed,Hashem Abdelrehim,
Karim,Seddik,
Mahmoud,Kassem,
Khalil,Tareq,
Moetaz Bellah,Massoud,
Hazem,Alaa Eldeen,
Amr Ali,"(ISTQB CTAL Full, CSM, ITIL Foundation)",
Sameh Mahmoud,El Ashry,
Ahmed,Atef,
mostafa,shawkey,
mahmoud,khaled,
Aya,Rezeika,
Fatemah,Oraby,
Muhammad Isa,Aldacher,
Amr,Tawfik,
Nada,Gamal,
Ahmed,Zaky,
Reham,Mohamed,
Mohammed,Saleh,
Mohamed Ibrahim,Abdrabu,
Mohamed,Mahmoud,
Ahmed,Abd El-Baki,
Mohsen,Fayek,
Mohamed,Abdelaziz,
Ahmed,Emara,
Reham,Fathy,
Mohammed,Hassan,
Khaled,Salah,
Ahmed,Hashish,
Hytham,Abdelaziz,
Mahmoud Essam,El Sanhoury,
Ramy,N. Tadros,
Ahmad,Moursy,
Ahmed,Mahmoud Salama,
Ahmed,Alaa,
Zeiad,Ahmed,
Peter,Nashaat,
Awad A.,Bekhet,
Ahmed,Refaat,
Marwan,Fayyad,
Hala,Mostafa,
Hesham,Hosney,
Omar,Mohsen Abdel-Rasoul,
Bahaa Eldin,Naguib,
Mohamed,Khafagi,
ِAhmed,Abdelreheem(Remo),
Sarah,Hesham,
Mohamed,Bassam,
Abdelrahman,H. Ahmed,
Moustafa,Eshra,
Mo'men,Saeed,
Gabriela,Alencar,
Ahmed,El-Sayed Ahmed El-Sayed Mohamed,
Belal,Abuzahra,
Ahmed,Fawzy,
Ahmed,AbuTabl,
Ahmed,Mubarak,
Ahmed,Kamel,
Ahmed,El Sakhawi,
tamer,elfeky,
Mohamed,Ali,
AMIRA,NAGY,
Ahmed,Hamdy,
Mohamed,Mounir,
Heba,Elgamal,
Maram,EL Hamshary,
Mohamed,Elnaggar,
Mustafa,Khairallah,
Muhammed.,Rakha,
Fathy,Hassan,
Karim,Mohamed,
Ahmed,Hashem,
Ahmed,Abdien,
Karim,Banawan,
Ahmed,Khattab,
Alaa,Hammad,
Amr,Yousry,
Omar,Jadallah,
Prof. Dr. Mostafa,ElGammal,
mai,ste center,
ahmed,salah,
Sherif,Gamal,
burak,demirci,
Mahmoud,Aboukhedr,
Ahmed El,Mahalawy,
Mohamed,El Bayar,
Ayman,Ahmed,
Heba,Abdelnasser,
Ahmed,Abdelalim,
Sherif,El Banna,
Ahmed,Amin,
Osama,Ibrahim,
Moustafa,Kassem,
Amr,Elzeiny,
cherihane,Guenena,
Sondos,Hafez,
Mohamed,Hanafy,
Mohamed,Balbaa,
khaled,khamis,
Runa,Khaled,
Islam,El-Ghazouly,
Abdelsalam,Ahmed,
Ahmad,Abd El-Kader,
Eman,Elshaikh,
Hesham,Salama,
Eman,Elrawy,
Ahmed,El-Sharkasy,
Mahmoud,El-khateeb,
Mohamed,El-Gharably,
Amr,Shamel,
Mazen,Aly,
Mina,Maher,
Karim,Zaghloul,
Mohamed,Soliman,
Asmaa,Hassan,
TEDxAlexandria,U,
Abdul-Rahman,Ahmad,
Ahmad,Eldabaa,
Ahmed,El-Halwagy,
Mahmoud,Hanafy,
Omar,Ramzy,
Eanal,Ismail,
Ahmed,El Sheikha,
Rana,Said Refaie,
Sally,Hammady,
mohamed,rashed,
Mohamed,Dyab,
Ayman,Zaki,
yahia,shabara,
Ahmed,Abd El-latief,
Ahmad,Eldefrawy,
Ahmed,Adel,
Sherif,Ali,
Usama,Elnily,
Yomna,Zabady,
Omar,Samir,
