From,To,Date,Subject,Content,Direction,Folder
Omar Samir,Ahmed Hassan,23/07/2016 13:43:00 UTC,,I found Eva van Voorbergen on LinkedIn and thought you might be interested. I would be happy to introduce you to them through my network. https://nl.linkedin.com/in/evavanvoorbergen,INCOMING,INBOX
Omar Samir,Ahmed Hassan,23/07/2016 13:42:20 UTC,,I found Jonathan Del Hoyo on LinkedIn and thought you might be interested. I would be happy to introduce you to them through my network. https://fr.linkedin.com/in/jonathandelhoyo/en,INCOMING,INBOX
Stuart Becker,Ahmed Hassan,15/07/2016 16:49:51 UTC,,Ich würde Sie gerne meinem beruflichen Netzwerk auf LinkedIn hinzufügen.,INCOMING,INBOX
Joseph Carpenter,Ahmed Hassan,14/07/2016 11:05:23 UTC,Big Data Engineer,"Hi Ahmed,

Thank you for connecting with me. As mentioned briefly, my client Fyber (www.fyber.com) have asked me to reach out to experienced Data Engineers with a passion for working with large amounts of data. Their current platform, deals with billions of requests and they’re looking for someone to work in their permanent teams to continue helping the product improve.
	
They have cross-functional teams in a very technically diverse environment (iOS, Android, Scala, C++, Ruby, Java) with highly scalable and open source technologies with hacker friendly projects. As a company there’s around 250 employees, based in the heart of Berlin and representing over 44 different nationalities – so very multi-cultural.

I can appreciate you may not be actively looking for a new role right now and that you cannot say for certain based on a few paragraphs if you’d be interested, but if you see potential here and would like to hear from me, more about the company, position, financial packages available then please send me an email with your CV to joseph.carpenter@darwinrecruitment.com and let me know a convenient time to call.

Best,		
Joseph
",INCOMING,INBOX
Gavin Fox,Ahmed Hassan,16/06/2016 15:43:46 UTC,Harvey Nash - Big Data role in Dublin,"Hi Ahmed, 

I hope you are well, 
Would you consider moving to Ireland? 

I am working on a major new project and 2 of the 52 hires is in the Big Data space.

My client is bringing their shared service center to Dublin and a main focus of this center will be Big Data; everything they are doing is being underpinned through BIG data and analytics.  
They want to become a data driven organisation, they have built a big data platform (Cloudera), The now want to start looking at infrastructure analytics and what they can do to improve; they have 6&7 different programmes at the moment  but this expanding. 

This is one of 4 Bid Data projects we are working on in Dublin Ireland at the moment so please let me know if this role isn't for you but you would be interested in working in Dublin?

If you are interested or want to have a further chat please let me know,
Gavin

 Gavin Fox
Associate Director 
Head of Practice – Harvey Nash Technology 
0879210304 | Gavin.Fox@harveynash.ie",INCOMING,INBOX
Stephanie Kluth,Ahmed Hassan,25/05/2016 11:24:28 UTC,"Live, study & intern in Berlin",Master's in Management (MSc) degree,INCOMING,INBOX
Tamer Abd El Salam,Ahmed Hassan,15/03/2016 14:11:48 UTC,,Congrats Ahmed hope the best for you,INCOMING,INBOX
Ahmed Alaa,Ahmed Hassan,15/03/2016 05:42:31 UTC,,Miss you bro :),INCOMING,INBOX
Maged Elghareib,Ahmed Hassan,14/03/2016 11:18:32 UTC,,Congratulations Ahmed :),INCOMING,INBOX
Mohamed Al-Salakawy,Ahmed Hassan,13/03/2016 22:05:51 UTC,,Congratulations :),INCOMING,INBOX
Nada Gamal,Ahmed Hassan,12/03/2016 09:41:02 UTC,,Congrats on the new role! Hope you're doing well.,INCOMING,INBOX
Ahmed Alaa,Ahmed Hassan,12/03/2016 07:29:31 UTC,,Congrats on the new role! Hope you're doing well.,INCOMING,INBOX
Riyadh AlAhmadi,Ahmed Hassan,11/03/2016 06:27:53 UTC,,Congrats on the new role! Hope you're doing well.,INCOMING,INBOX
LinkedIn Premium,Ahmed Hassan,02/03/2016 18:48:37 UTC,Thanks for being a great member,"As thanks, we'd like to offer you a free trial of LinkedIn Premium",INCOMING,INBOX
Andrea Starzer,Ahmed Hassan,12/12/2015 11:23:54 UTC,Gewinnen Sie ein persönliches Coaching in Island,Treffen Sie die LinkedIn Karriere Crew,INCOMING,INBOX
Sichia Bell,Ahmed Hassan,13/10/2015 02:55:10 UTC,Thanks for being a great member,"As thanks, we'd like to offer you a free trial of LinkedIn Premium",INCOMING,INBOX
Ahmad A'zat,Ahmed Hassan,07/09/2015 20:04:42 UTC,Happy Birthday,"Happy Birthday Ahmed! 
 
Ahmad",INCOMING,INBOX
LinkedIn Premium,Ahmed Hassan,14/08/2015 02:36:30 UTC,Thanks for being a loyal member,"As thanks, we'd like to offer you a free trial of LinkedIn Premium",INCOMING,INBOX
mohamed omar,"Ahmed Hassan,Eng Ahmed Sheimy,Amr Abdel-Aziz,Mohamed Taha,Mohamed Radi,Mohamed Taymour,Hoda Mahmoud,ahmed assar,Ali Ashraf,Islam Wahdan,Eshraka Zakaria,Saher Elsheikh,Yomna Ayman El Badawy,Abd-Elrahman Fathy,Aly Gad E.l.Rab,Mostafa Abd El Raziq,Islam Youssef,Nadhy Elsayed,Ramy Tosson,Ahmed ElQadi,Amr Mousa,Ahmed gamal,Hesham Allam,ahmed abd el ghafar,Ahmed Hesham,mohamed mannaa,Ahmed Allaithy,Sherine Moustafa ElHalaby,Ahmed Youssef,Khaled Helal,AHmed Hisham,mohamed elrakabawy,Mohamed Ezz ElDin,Marwan Gamal,Fady Safwat,Mostafa Atef,Abdullah Elmoghazy,Deyaa Younis,Ahmed Elsayed,Raymon Abdelmassih,Aya Mounir,Mahmoud Ragab",14/06/2015 01:43:37 UTC,Opportunities for you,"Hi,

I hope all's going well. This is worth taking a look at - they seem to be taking the temporary work market by storm and thought you might be interested in finding opportunities, or people in your area - www.3desk.com/li6 

Best,
mohamed",INCOMING,INBOX
Niraj Gupta,Ahmed Hassan,12/06/2015 06:37:08 UTC,Job Opportunity_ Embedded Software Developer_Germany,"Dear Ahmed,

Wishing you a successful day ahead!! 

I am extremely delighted informing that we require the similar skills you possess for our current project work. 
Project duration - 1 Year (extendable)
City of work: Regensburg

Please let me know if we can discuss on this.

I would request your CV/ contact number.

Regards 
Niraj (niraj.gupta@lntTechservices.com)",INCOMING,INBOX
Khaled Salah,"Ahmed Hassan,Abdelmaksoud Amer,Belal Galal,Mahmoud Farrag,ahmed abd elaziz,Doaa Adel,Nehal Emam,سعيد منتصر,Olla Ashour,Mohamed Emam,Mahmoud Cherif El-Wessimy,Momen Zakaria,Mahmoud Radwan,Mohamed Hamdy,AbdelMalek Mohamed,Amany AbdEl-Fattah,Ahmed Khalaf,Mohamed Samy,Mohamed Abd El-Latef Abden,Cory Tjendrakasih,Dina El Khatib,Mostafa Ali,Thai Pham,mazen koraiem,Aya Qasem,Hossam Gamal,Peter Yanni,Mahmoud Mohamed Atya,Mohamed Amin,Tarek Abouzeid,Salah Elimam,Mohamed Elgendy,Mustafa nabil,Eman Hassanein ,Peter Sobhy,Mohamed Sayed,Amr Elmalah,Noran Hazem Abosenna,alaa alhoseany,Hend El-Gammal,Arwa Basha,Mahitab Ayoub,Mohamed Kamal Kamaly,Anas Chinoy,Bassem Ali,Omnia Suliman,Rahul Azad,Hussein Hosny,David Pascual,Ahmed Faragallah",27/05/2015 09:22:26 UTC,RE: I Can't Believe I'm Revealing This... ,"

On 5/11/15, 11:28 PM, Thai Pham wrote: 	 
--------------------
 This emails explains what I was talking about.

I’m going to discuss four important things with you in my next four emails.

But first, remember my email from yesterday? I mentioned that I was hoping to get some amazing free training for you.

Good News! I nailed it and here it is for you to grab.

Get it HERE Now >>> http://jvz2.com/c/314085/64615

This is no fluffy PLR, rehashed old garbage - this is KILLER stuff that Jon has personally created AND has been using for over 12 months in his own business. Don't miss this one seriously.  http://jvz2.com/c/314085/64615",INCOMING,INBOX
Khaled Salah,"Ahmed Hassan,yasser Moursy,Mohamed El Rayany,Ahmed Abdel-Zaher Khalifa, CMRP, CRL,Abdelrahman H. Ahmed,Ahmed Ashry,Abdulrahman Baknina,Ahmed Mohamed,Ali Gaber Mohamed,AbdulRahman Ehsan,Sherif Ali,Osama Raafat,Ahmed Ezzat,Mohammad Kotb,Mohammad T. Hussien,Ahmed Atef,Ahmed Galal,Mahmoud Fayyaz,Amr Shamel,Essam Sourour,Kamal Khalil,Mahmoud El-khateeb,Amr Alaa,Karim Madkour,Mahmoud Shahwan",27/05/2015 09:22:14 UTC,RE: Ahmed requested your recommendation.,"

On 5/4/15, 2:33 AM, Ahmed Galal wrote: 	 
--------------------
Ahmed has shared their profile with you, click below to leave them a recommendation.
      
http://erated.me/rl/123342/iqcD2M

Unsubscribe here: http://erated.me/api/uli/",INCOMING,INBOX
Unknown User,Ahmed Hassan,23/05/2015 20:05:42 UTC,Hazem Alaa Eldeen has added you as a team member on a project on LinkedIn,,INCOMING,INBOX
Ahmed Galal,"Ahmed Hassan,yasser Moursy,Mohamed El Rayany,Ahmed Abdel-Zaher Khalifa, CMRP, CRL,Abdelrahman H. Ahmed,Ahmed Ashry,Abdulrahman Baknina,Ahmed Mohamed,AbdulRahman Ehsan,Ali Gaber Mohamed,Sherif Ali,Osama Raafat,Ahmed Ezzat,Mohammad Kotb,Mohammad T. Hussien,Ahmed Atef,Mahmoud Fayyaz,Khaled Salah,Amr Shamel,Essam Sourour,Kamal Khalil,Mahmoud El-khateeb,Amr Alaa,Karim Madkour,Mahmoud Shahwan",04/05/2015 09:34:00 UTC,Ahmed requested your recommendation.,"Ahmed has shared their profile with you, click below to leave them a recommendation.
      
http://erated.me/rl/123342/iqcD2M

Unsubscribe here: http://erated.me/api/uli/",INCOMING,INBOX
Chris Mclaughlin,Ahmed Hassan,10/04/2015 12:39:32 UTC,SW Control Role with French Speaking Company in Germany,"Hi Ahmed,

I am currently working with an Automotive company in Aachen, Germany where their spoken languages are French and English.

Having viewed your profile, I believe your domain would be of great benefit to the client for a Junior Control Systems Engineer position.

Can you please send me your CV through to chris.mclaughlin@connectusnow.com and confirm a suitable contact number to reach you on and discuss the position in further detail.

Many Thanks and Kindest Regards

Chris McLaughlin
Connectus Recruitment
01489 898868",INCOMING,INBOX
Eva Xu,Ahmed Hassan,11/02/2015 08:20:27 UTC,Board game manufacturer,"Hi, 

Sorry to interrupt you without any permission, I'm Eva from Do-Fine Printing Co,.Ltd. 
We specialize in manufacturing board game and card games. If you have interest, welcome to visit us www.do-fineprinting.com.
Thanks for your time.

Best regards,
Eva",INCOMING,INBOX
Momen Zakaria,"Ahmed Hassan,Abdelmaksoud Amer,Belal Galal,ahmed abd elaziz,Mahmoud Farrag,Doaa Adel,Nehal Emam,سعيد منتصر,Olla Ashour,Mohamed Emam,Mahmoud Cherif El-Wessimy,Mahmoud Radwan,Mohamed Hamdy,AbdelMalek Mohamed,Amany AbdEl-Fattah,Ahmed Khalaf,Mohamed Samy,Mohamed Abd El-Latef Abden,Cory Tjendrakasih,Dina El Khatib,Thai Pham,Mostafa Ali,mazen koraiem,Aya Qasem,Hossam Gamal,Peter Yanni,Mohamed Amin,Mahmoud Mohamed Atya,Tarek Abouzeid,Salah Elimam,Mohamed Elgendy,Mustafa nabil,Peter Sobhy,Eman Hassanein ,Mohamed Sayed,Amr Elmalah,Noran Hazem Abosenna,alaa alhoseany,Hend El-Gammal,Arwa Basha,Mahitab Ayoub,Khaled Salah,Mohamed Kamal Kamaly,Anas Chinoy,Bassem Ali,Omnia Suliman,Rahul Azad,Hussein Hosny,David Pascual,Ahmed Faragallah",04/02/2015 10:27:50 UTC,You will like this,"It's not common for me to share products, but this is worthy. Check out https://branded.me when you have a minute.

https://branded.me is a really cool service that converts your LinkedIn profile to a full website in seconds. It's free too.",INCOMING,INBOX
Unknown User,Ahmed Hassan,09/01/2015 18:46:26 UTC,Sally Hammady has added you as a team member on a project on LinkedIn,,INCOMING,INBOX
Nedal Ashoush,Ahmed Hassan,04/11/2014 18:10:32 UTC,Jobs in the U.S. (accepting candidates from Mexico and Chile).,"Hello, I just recommended you for a Top Candidates Program to receive job opportunities from companies in the United States. Use the attached link to apply and get job opportunities to work in companies that are sponsoring work visas for Mexicans and Chileans. Regards.

https://jobs.rewards.to/top-candidates?rid=92d",INCOMING,INBOX
Jay Patel,Ahmed Hassan,29/09/2014 16:46:36 UTC,reaching out...,"Hi Ahmed,

We're part of the same linkedin group, and I thought you might be interested in attending this webinar - ""Thinking Differently About Space Asset Logistics” taking place on Wednesday, October 8th. FYI - If you can't attend the free, live event, you'll get access to the recorded event.

In this webinar, the presenters will review the state of the small satellite industry and some of the interesting challenges posed with transporting satellites as well as review a case study on transportation challenges for one company.

Speakers include: Richard M. David, CEO and Co-Founder of NewSpace Global, Benjamin K. Malphrus, Professor of Space Science at Morehead State University and Twyman Clements, President & CEO of Space Tango Inc.

The webinar includes a live Q&A with the audience. If you can’t attend the live event, register, and you’ll be able to receive the recording.  For more information or to register:

http://ow.ly/BMBG1 

Hope that is useful to you,
Best,
Jay",INCOMING,INBOX
Momen Zakaria,Ahmed Hassan,08/09/2014 06:14:11 UTC,Happy Birthday,"Salam & Good Morning Ahmed , 

Happy Birthday  .. I hope this is the beginning of the greatest year ever so far for you :)
 
- Regards",INCOMING,INBOX
Mohamed Ali Eldabaa,"Ahmed Hassan,Ahmed Tawfik,Mohie Eldin Elbagoury,Sally Hammady,Omar AbdelAziz,Mohamed Ibrahim AbdelSalam,Kareem T. Selim,Mahmoud Abdo,Ahmed Eldawy,Rana Said Refaie",29/07/2014 01:58:02 UTC,Mohamed Ali Eldabaa has shared their profile.,"Mohamed Ali Eldabaa has requested to provide them with some feedback based on their personality using the link below.
      
http://erated.me/rl/96893/FdAsGa

Thanks in advance.

Unsubscribe here: http://erated.me/api/uli/",INCOMING,INBOX
mohammed khairy,"Ahmed Hassan,Mahmoud Abdel moneim Elgenedy,Mohamed Bahr,Alaa Samir,Amr Mohammed Hussien,Amr Lotfy,Bassma Al-Abassy,Mohammad Salah,Ahmed Ibrahim,Mai Abd El-Aziz",07/05/2014 18:33:53 UTC,Opportunities for you,"Hi,

I hope all's going well. This is worth taking a look at - they seem to be taking the temporary work market by storm and thought you might be interested in finding opportunities, or people in your area - www.3desk.com/li6 

Best,
mohammed",INCOMING,INBOX
Nedal Ashoush,Ahmed Hassan,03/04/2014 20:25:14 UTC,Can you recommend me?,"Dear Ahmed, 
I'm sending this to ask you for a brief recommendation of my work that I can include in my LinkedIn profile. If you have any questions, let me know.

Thanks in advance for helping me out.

-Nedal Ashoush",INCOMING,INBOX
Ahmed Selim El-Mosallamy,Ahmed Hassan,31/03/2014 09:55:08 UTC,Vacant position,"Dear Mr. Ahmed,

Kindly i am sending you for a vacant position in IBM as ""Remote Technical Support Engineer"".

If you are interested in a career path in IBM with a competitive package please send your resume at Ahmed.selim@eg.ibm.com with title in mail subject.

BR,
Ahmed Selim
Recruitment Professional@IBM",INCOMING,INBOX
Omar Jadallah,"Ahmed Hassan,Mohamed Bayoumi,AbdulMutalib Najimuldin,Osama OMRAN,Mohamed Assaf,nouran wahid,Nada Ashraf Salem,Mahmoud Elselimy,amr barsy,ASHRAF RAMZY",25/03/2014 16:18:44 UTC,Opportunities for you,"Hi,

I hope all's going well. This is worth taking a look at - they seem to be taking the temporary work market by storm and thought you might be interested in finding opportunities, or people in your area - www.3desk.com/li6 

Best,
Omar",INCOMING,INBOX
Mostafa Mohamed,"Ahmed Hassan,Muhammad Kamal,Mostafa Hadi,Hossam Khaled,Hossam Hamdi,Amgad Kamal,mahmoud helmy,Heba Hafez,Ahmed Hammam,Ahmed Sayed,Erika Jachymová",10/02/2014 16:42:47 UTC,Annual Review,"Hi,

My company is doing an annual review, and this mini-survey will help me. Do you mind filling one for me?

http://www.surveyreport.com/i/f/1/247284?nr=liap&t=658

Thanks
Mostafa

Click below to unsubscribe:
http://www.surveyreport.com/api/unsubscribe_li/",INCOMING,INBOX
Mohamed El-Hosary,"Ahmed Hassan,Ahmed Sayed,Ahmed Wahba,Ahmed Kamal,Ahmed Ramadan,Ahmed Essam,Ahmed Moawad,Ahmed AlAttar,Ahmed Ramez,Ahmed Sakr,Ahmed Fadila",13/01/2014 03:49:12 UTC,Mohamed El-Hosary has shared a document,"Mohamed has shared their online business card with you. Please click to accept and leave them a comment:
       
https://mybizcard.co/user/rate/694799/788f573681e5507bc21fc9ca54051ebf/

Unsubscribe:
https://mybizcard.co/spage/unsubscribe_invite/",INCOMING,INBOX
Unknown User,Ahmed Hassan,06/01/2014 09:23:04 UTC,Ahmed Adel has added you as a team member on a project on LinkedIn,,INCOMING,INBOX
Unknown User,Ahmed Hassan,05/01/2014 17:29:03 UTC,Sally Hammady has added you as a team member on a project on LinkedIn,,INCOMING,INBOX
Mohamed El-Hosary,"Ahmed Hassan,Ahmed Abdelaziz Mohamed,Adham Sherif,AHMED RADWAN,Ayman Ramzy , CMA,Ahmed Hassan,Moustafa Gamal El Mahdy,Ahmed Saeed,Ahmed El-Saeed,Moustafa Abokaram",18/12/2013 10:36:24 UTC,Mohamed El-Hosary has sent you a message,"Hi,

Sorry for the mass message. Can you please take a moment and leave me a quick professional rating here: 
https://mybizcard.co/user/rate/694799/788f573681e5507bc21fc9ca54051ebf/ 

Thanks, 
Mohamed

Unsubscribe:
https://mybizcard.co/spage/unsubscribe_invite/",INCOMING,INBOX
Harald van Klaveren,Ahmed Hassan,27/11/2013 09:27:27 UTC,Your Application,"Dear Ahmed,

Thank you for your application and shown interest in our organization.

For this position there is a nationality restruction and I can only consider European nationals. This unfortunately means that I cannot continue with your application.

Kind regards,
Harald van Klaveren

-------------------------
Sent from my LinkedIn account",INCOMING,INBOX
Unknown User,Ahmed Hassan,18/11/2013 22:00:08 UTC,Moustafa Kassem has added you as a team member on a project on LinkedIn,,INCOMING,INBOX
Unknown User,Ahmed Hassan,17/11/2013 12:50:06 UTC,Ahmed Alaa has added you as a team member on a project on LinkedIn,,INCOMING,INBOX
Unknown User,Ahmed Hassan,17/11/2013 12:50:05 UTC,Moustafa Kassem has added you as a team member on a project on LinkedIn,,INCOMING,INBOX
Unknown User,Ahmed Hassan,17/11/2013 11:48:03 UTC,Omar Samir has added you as a team member on a project on LinkedIn,,INCOMING,INBOX
Unknown User,Ahmed Hassan,09/11/2013 11:33:03 UTC,Osama M. Ali has added you as a team member on a project on LinkedIn,,INCOMING,INBOX
Momen Zakaria,Ahmed Hassan,06/11/2013 10:17:11 UTC,Congrats,"Hi Ahmed,

Congrats on the new gig! Hope you're doing well. 
 
Momen",INCOMING,INBOX
Unknown User,Ahmed Hassan,05/11/2013 07:48:03 UTC,Omar Samir has added you as a team member on a project on LinkedIn,,INCOMING,INBOX
Unknown User,Ahmed Hassan,04/11/2013 18:01:05 UTC,Rana Said Refaie has added you as a team member on a project on LinkedIn,,INCOMING,INBOX
Unknown User,Ahmed Hassan,31/10/2013 08:48:03 UTC,Ahmad Eldaba' has added you as a team member on a project on LinkedIn,,INCOMING,INBOX
Unknown User,Ahmed Hassan,31/10/2013 00:52:04 UTC,Osama M. Ali has added you as a team member on a project on LinkedIn,,INCOMING,INBOX
Momen Zakaria,Ahmed Hassan,07/09/2013 08:12:12 UTC,Happy Birthday,"Happy Birthday Ahmed! 
 
Momen",INCOMING,INBOX
Ahmed Hassan,Stuart Becker,18/07/2016 16:00:56 UTC,,,OUTGOING,SENT
Ahmed Hassan,Gavin Fox,17/06/2016 01:30:52 UTC,RE: Harvey Nash - Big Data role in Dublin,Thanks for reaching out! I'd love to hear more about this.,OUTGOING,SENT
Ahmed Hassan,Ahmed Alaa,14/03/2016 12:25:46 UTC,,Thanks Alaa! hope you are doing well my friend :),OUTGOING,SENT
Ahmed Hassan,Nada Gamal,14/03/2016 12:25:05 UTC,,Thanks a lot! hope the same for your :),OUTGOING,SENT
Ahmed Hassan,Mohamed Al-Salakawy,14/03/2016 12:24:45 UTC,,Thanks Mohamed! :),OUTGOING,SENT
Ahmed Hassan,Maged Elghareib,14/03/2016 12:24:26 UTC,,Thanks Maged! Hope everything is going well with you :),OUTGOING,SENT
Ahmed Hassan,Unknown User,23/10/2015 11:08:00 UTC,RE: Business Proposal,"Thanks, could you please give me a small brief about the kind of business in a message before hand? 
Thank you.

On 10/23/15, 10:39 AM, Katherine Scott wrote: 	 
--------------------
No worries dear Ahmed,

If you want, you may provide me your contact details and your availability so that we can call you then on that time you will provide. We don't want to disturb you on your personal meetings as well. :)

Thank you and take care,
Katherine Scott",OUTGOING,SENT
Ahmed Hassan,Unknown User,23/10/2015 09:30:30 UTC,RE: Business Proposal,"Hello, thanks for your message, I am just attending something important and I will get back to you in the evening if that's alright.
Thanks",OUTGOING,SENT
Ahmed Hassan,Ahmad A'zat,27/09/2015 14:13:49 UTC,RE: Happy Birthday,"Thanks for you wish

On 9/7/15, 1:04 PM, Ahmad A'zat wrote: 	 
--------------------
Happy Birthday Ahmed! 
 
Ahmad",OUTGOING,SENT
Ahmed Hassan,Niraj Gupta,19/06/2015 15:26:22 UTC,RE: Job Opportunity_ Embedded Software Developer_Germany,"Dear Niraj,

Thank you very much for your message.

Unfortunately I'm currently enrolled in a full time master degree in Machine Learning, and I don't think I would be able to work during the period of next one and a half year.

Yet thanks again for contacting.

On 6/12/15 6:37 AM, Niraj Gupta wrote: 	 
--------------------
Dear Ahmed,

Wishing you a successful day ahead!! 

I am extremely delighted informing that we require the similar skills you possess for our current project work. 
Project duration - 1 Year (extendable)
City of work: Regensburg

Please let me know if we can discuss on this.

I would request your CV/ contact number.

Regards 
Niraj (niraj.gupta@lntTechservices.com)",OUTGOING,SENT
Ahmed Hassan,Chris Mclaughlin,28/04/2015 17:33:56 UTC,RE: SW Control Role with French Speaking Company in Germany,"Dear Chris,

Thank you for your message, but I'm currently doing my master degree which is in Machine Learning. So I'm not sure if that matches the job position. Also, I wouldn't be able to start in a regular job now, not until I finish my master thesis next year.

Thanks a lot.

On 4/10/15 12:39 PM, Chris Mclaughlin wrote: 	 
--------------------
Hi Ahmed,

I am currently working with an Automotive company in Aachen, Germany where their spoken languages are French and English.

Having viewed your profile, I believe your domain would be of great benefit to the client for a Junior Control Systems Engineer position.

Can you please send me your CV through to chris.mclaughlin@connectusnow.com and confirm a suitable contact number to reach you on and discuss the position in further detail.

Many Thanks and Kindest Regards

Chris McLaughlin
Connectus Recruitment
01489 898868",OUTGOING,SENT
Ahmed Hassan,Harald van Klaveren,28/11/2013 08:43:37 UTC,RE: Your Application,"Dear Harald,

I truly appreciate your response. I am sorry to know about the nationality restriction on this position, and I hope that a similar international position would be available soon.

Sincerely,
Ahmed Hassan

On 11/27/13 1:27 AM, Harald V. wrote:
--------------------
Dear Ahmed,

Thank you for your application and shown interest in our organization.

For this position there is a nationality restruction and I can only consider European nationals. This unfortunately means that I cannot continue with your application.

Kind regards,
Harald van Klaveren

-------------------------
Sent from my LinkedIn account",OUTGOING,SENT
Ibrahim Amer,"Ahmed Hassan,Ahmed Adel,Rana Said Refaie,Dr.Mohamed Kassab,Mohamed Shouman,Mario Verna,Esraa Hassan,Mohamed Mahmoud,Hend Ibrahim,Moustafa Kassem,Sherief Selim,Sameh El-Eskandrany,Ahmed Mubarak,Ruba Nour Eldin,Abdelrahman khataan,Ahmed Khattab,Mina Michel,Ahmed Labib,Ramy Kotb,Moustafa Mowaffak,khaled khamis,abdo abdoabdoo,Unknown User,Mostafa Hassan,Mahmoud Alaskare,Dr. Tamer Mekky,Omar Samir,Mina Maher,Maged Assem Soliman Mossallam,Ahmed Medhat Omar Ibrahim,Mohamed Ibrahim,Hazem Alaa Eldeen,Borhan Eldin Elsayed,Mohamed Sallam,Bassam Mamdouh,Hussien Ashour,Islam RADY,Muhammad Swelem,Mohamed Abbas,Marc Gaballa,Mahmoud Omar,Mina Fouad,Emad Shama,Mahmoud Adel",12/09/2015 11:20:52 UTC,Re: Opportunities for you,"Yes it is definitely a spam do not open it, I got the same message almost everyday from different persons",INCOMING,TRASH
Mohamed Abbas,"Ahmed Hassan,Ahmed Adel,Rana Said Refaie,Dr.Mohamed Kassab,Mohamed Shouman,Mario Verna,Esraa Hassan,Mohamed Mahmoud,Hend Ibrahim,Moustafa Kassem,Sherief Selim,Sameh El-Eskandrany,Ibrahim Amer,Ruba Nour Eldin,Abdelrahman khataan,Ahmed Khattab,Mina Michel,Ahmed Labib,Ramy Kotb,Moustafa Mowaffak,khaled khamis,abdo abdoabdoo,Unknown User,Mostafa Hassan,Mahmoud Alaskare,Dr. Tamer Mekky,Omar Samir,Mina Maher,Maged Assem Soliman Mossallam,Ahmed Medhat Omar Ibrahim,Mohamed Ibrahim,Hazem Alaa Eldeen,Borhan Eldin Elsayed,Mohamed Sallam,Bassam Mamdouh,Hussien Ashour,Islam RADY,Muhammad Swelem,Ahmed Mubarak,Marc Gaballa,Mahmoud Omar,Mina Fouad,Emad Shama,Mahmoud Adel",12/09/2015 10:19:48 UTC,Re: Opportunities for you,"Is it a spam?

Sent from LinkedIn for Android 	 
http://lnkd.in/android

On 12/09/2015 11:18 AM, Ahmed Mubarak wrote:
--------------------
Hi,

I hope all's going well. This is worth taking a look at - they seem to be taking the temporary work market by storm and thought you might be interested in finding opportunities, or people in your area - www.3desk.com/li6 

Best,
Ahmed",INCOMING,TRASH
Ahmed Mubarak,"Ahmed Hassan,Rana Said Refaie,Dr.Mohamed Kassab,Mohamed Shouman,Mario Verna,Esraa Hassan,Mohamed Mahmoud,Hend Ibrahim,Moustafa Kassem,Sherief Selim,Sameh El-Eskandrany,Ibrahim Amer,Ruba Nour Eldin,Abdelrahman khataan,Ahmed Khattab,Mina Michel,Ahmed Labib,Ramy Kotb,Moustafa Mowaffak,khaled khamis,abdo abdoabdoo,Unknown User,Mostafa Hassan,Mahmoud Alaskare,Dr. Tamer Mekky,Omar Samir,Mina Maher,Maged Assem Soliman Mossallam,Ahmed Medhat Omar Ibrahim,Mohamed Ibrahim,Hazem Alaa Eldeen,Mohamed Abbas,Borhan Eldin Elsayed,Mohamed Sallam,Bassam Mamdouh,Hussien Ashour,Islam RADY,Muhammad Swelem,Ahmed Adel,Marc Gaballa,Mahmoud Omar,Mina Fouad,Emad Shama,Mahmoud Adel",12/09/2015 09:18:17 UTC,Opportunities for you,"Hi,

I hope all's going well. This is worth taking a look at - they seem to be taking the temporary work market by storm and thought you might be interested in finding opportunities, or people in your area - www.3desk.com/li6 

Best,
Ahmed",INCOMING,TRASH
Thai Pham,"Ahmed Hassan,Abdelmaksoud Amer,Belal Galal,Mahmoud Farrag,ahmed abd elaziz,Doaa Adel,Nehal Emam,سعيد منتصر,Olla Ashour,Mohamed Emam,Mahmoud Cherif El-Wessimy,Momen Zakaria,Mahmoud Radwan,Mohamed Hamdy,AbdelMalek Mohamed,Amany AbdEl-Fattah,Ahmed Khalaf,Mohamed Samy,Mohamed Abd El-Latef Abden,Cory Tjendrakasih,Dina El Khatib,Mostafa Ali,mazen koraiem,Aya Qasem,Hossam Gamal,Peter Yanni,Mahmoud Mohamed Atya,Mohamed Amin,Tarek Abouzeid,Salah Elimam,Mohamed Elgendy,Mustafa nabil,Eman Hassanein ,Peter Sobhy,Mohamed Sayed,Amr Elmalah,Noran Hazem Abosenna,alaa alhoseany,Hend El-Gammal,Arwa Basha,Mahitab Ayoub,Khaled Salah,Mohamed Kamal Kamaly,Anas Chinoy,Bassem Ali,Omnia Suliman,Rahul Azad,Hussein Hosny,Ahmed Faragallah",04/07/2015 14:04:56 UTC,RE: I Can't Believe I'm Revealing This... ,"GOOGLE RANKING MEGA SEO PACKAGE WITH 10000 HQ BACKLINKS EDU,GOV,WEB2.0,Forum, directory, bookmarks

Order here:

http://a.seoclerks.com/linkin/196006/Link-Building/73188/GOOGLE-RANKING-MEGA-SEO-PACKAGE-WITH-10000-HQ-BACKLINKS-EDU-GOV-WEB2-0-Forum-directory-bookmarks
",INCOMING,TRASH
Thai Pham,"Ahmed Hassan,Abdelmaksoud Amer,Belal Galal,Mahmoud Farrag,ahmed abd elaziz,Doaa Adel,Nehal Emam,سعيد منتصر,Olla Ashour,Mohamed Emam,Mahmoud Cherif El-Wessimy,Momen Zakaria,Mahmoud Radwan,Mohamed Hamdy,AbdelMalek Mohamed,Amany AbdEl-Fattah,Ahmed Khalaf,Mohamed Samy,Mohamed Abd El-Latef Abden,Cory Tjendrakasih,Dina El Khatib,Mostafa Ali,mazen koraiem,Aya Qasem,Hossam Gamal,Peter Yanni,Mahmoud Mohamed Atya,Mohamed Amin,Tarek Abouzeid,Salah Elimam,Mohamed Elgendy,Mustafa nabil,Eman Hassanein ,Peter Sobhy,Mohamed Sayed,Amr Elmalah,Noran Hazem Abosenna,alaa alhoseany,Hend El-Gammal,Arwa Basha,Mahitab Ayoub,Khaled Salah,Mohamed Kamal Kamaly,Anas Chinoy,Bassem Ali,Omnia Suliman,Rahul Azad,Hussein Hosny,David Pascual,Ahmed Faragallah",12/05/2015 06:27:59 UTC,I Can't Believe I'm Revealing This... ," This emails explains what I was talking about.

I’m going to discuss four important things with you in my next four emails.

But first, remember my email from yesterday? I mentioned that I was hoping to get some amazing free training for you.

Good News! I nailed it and here it is for you to grab.

Get it HERE Now >>> http://jvz2.com/c/314085/64615

This is no fluffy PLR, rehashed old garbage - this is KILLER stuff that Jon has personally created AND has been using for over 12 months in his own business. Don't miss this one seriously.  http://jvz2.com/c/314085/64615",INCOMING,TRASH
Awad A. Bekhet,Ahmed Hassan,17/04/2013 23:27:15 UTC,Can you recommend me?,"Dear Ahmed, 
I'm sending this to ask you for a brief recommendation of my work that I can include in my LinkedIn profile. If you have any questions, let me know.

Thanks in advance for helping me out.

-Awad A. Bekhet",INCOMING,TRASH
Awad A. Bekhet,Ahmed Hassan,17/04/2013 23:25:21 UTC,Can you recommend me?,"Dear Ahmed, 
I'm sending this to ask you for a brief recommendation of my work that I can include in my LinkedIn profile. If you have any questions, let me know.

Thanks in advance for helping me out.

-Awad A. Bekhet",INCOMING,TRASH
Awad A. Bekhet,Ahmed Hassan,17/04/2013 23:24:50 UTC,Can you recommend me?,"Dear Ahmed, 
I'm sending this to ask you for a brief recommendation of my work that I can include in my LinkedIn profile. If you have any questions, let me know.

Thanks in advance for helping me out.

-Awad A. Bekhet",INCOMING,TRASH
Awad A. Bekhet,Ahmed Hassan,17/04/2013 23:24:25 UTC,Can you recommend me?,"Dear Ahmed, 
I'm sending this to ask you for a brief recommendation of my work that I can include in my LinkedIn profile. If you have any questions, let me know.

Thanks in advance for helping me out.

-Awad A. Bekhet",INCOMING,TRASH
Awad A. Bekhet,Ahmed Hassan,17/04/2013 23:23:46 UTC,Can you recommend me?,"Dear Ahmed, 
I'm sending this to ask you for a brief recommendation of my work that I can include in my LinkedIn profile. If you have any questions, let me know.

Thanks in advance for helping me out.

-Awad A. Bekhet",INCOMING,TRASH
Unknown User,Ahmed Hassan,27/08/2011 20:44:20 UTC,one world currency group on LinkedIn,"I would like to invite you to join my group on LinkedIn. 

Regards,

Jonathan Soon
Founder and President
UIA - Universal Investment Agency

For more information on UIA and one world currency™ please visit www.uia.net.au",INCOMING,TRASH
