Company Name,Description,Location,Start Date,End Date,Title
National Authority for Remote Sensing and Space,"Intensive training on satellite subsystems design, integration and testing in BA by NARSS engineers","Alexandria, Egypt",7/2011,8/2011,Satellite System Engineering Trainee
Vibrant Communications,Online game moderator and server testing,Online,12/2010,8/2011,Game Master
Valeo,"· First and Key member of VWS (Valeo Wiper Systems) core team
· System and Software Requirements Engineering
· Design and Coding of different software modules in C/C++
· Design and Coding of automation scripts in different scripting languages such as VBA and Python
· Design of Test plans and scripts for component, integration and validation testing
· Model Based Development and Validation
· Documentation and Process development
· Support for other team members, and Conducting Peer Reviews
· Tasks Distribution and Estimation
· Assets Management and Coordination","Cairo, Egypt",3/2013,8/2014,Software Design Engineer
Totally Awesome Games Inc.,"· Worked on under development Duel of Heroes TCG game
· Design game features and game mechanics
· Game Design documentation
· Several small game development projects for mobile.",,1/2014,12/2014,Co Founder
Bigpoint GmbH,"I work as a member of the Data Infrastructure team, which is part of Business Intelligence department. I help the team in building and maintaining the company's data warehouse and data marts. I also work on behavioral analysis of players, and using machine learning in the context of predictive analytics to predict user payment decisions.",,3/2016,,Big Data Engineer Intern
Huawei Egypt,"Training on Huawei ground equipment, sites, BTSs and BSCs","Alexandria, Egypt",8/2011,9/2011,Communications Engineering Trainee
Deutsches Forschungszentrum für Künstliche Intelligenz (DFKI),Machine learning for EMG signals analysis and classication for upper arm orthosis control,,4/2015,6/2015,Intern
