First Name,Last Name,Maiden Name,Created Date,Address,Birth Date,Contact Instructions,Marital Status,Headline,Summary,Industry,Association
Ahmed,Hassan,,08/01/2011 10:06:39 UTC,"Schedestrasse 7, 20251 Hamburg",7/9/1990,,Single,Big Data Engineer Intern at Bigpoint GmbH,"I am graduate student in machine learning and data mining. My main areas of interests are bioinformatics, Brain-Computer Interface, and machine learning in space.

I also have a good background in various other topics including embedded systems, high energy physics, space systems, game programming and design.",Research,"MAC (Make A Contribution) Club
European Organization for Nuclear Research (CERN)
Institute of Electrical and Electronics Engineers (IEEE)
National Authority for Remote Sensing and Space (NARSS)"
